cluster_id	category	chr	start	end	n_features	n_bystanders
C1	PF00001	1	111483348	111563962	2	1
C2	PF00001	2	218125289	218263859	3	1
C3	PF00001	2	230907318	231530495	3	6
C4	PF00001	20	62214970	62762771	2	8
C5	PF00001	20	64080173	64107171	2	1
C6	PF00001	3	39263494	39333511	2	0
C7	PF00001	3	45886504	46412997	8	2
C8	PF00001	3	151197832	151884619	6	4
C9	PF00001	4	163323961	163351934	2	0
C10	PF00001	2	68467561	68658247	2	0
C11	PF00001	5	76615482	76835315	3	1
C12	PF00001	5	175440039	175710756	2	1
C13	PF00001	6	132538290	132646003	6	0
C14	PF00001	7	1044576	1093815	2	1
C15	PF00001	8	52938431	53251697	2	0
C16	PF00001	9	122940833	123104866	2	0
C17	PF00001	X	41688973	41730135	2	1
C18	PF00001	X	78271464	79172229	4	1
C19	PF00001	X	153902531	154271805	5	9
C20	PF00001	5	148451032	148828687	2	0
C21	PF00001	2	48686775	49154537	2	3
C22	PF00001	6	167111807	167158329	2	1
C23	PF00001	19	47290023	47347327	2	0
C24	PF00001	1	241590102	241677376	2	2
C25	PF00001	11	18120955	18197348	2	0
C26	PF00001	11	18933813	19060681	2	0
C27	PF00001	11	68980021	69013409	2	0
C28	PF00001	11	73218298	73298617	2	0
C29	PF00001	12	6618835	6829972	2	10
C30	PF00001	12	122701293	122730843	3	0
C31	PF00001	13	48389567	48711226	2	2
C32	PF00001	19	51745172	51826189	3	0
C33	PF00001	13	99254714	99307405	2	1
C34	PF00001	14	52267713	52328606	2	0
C35	PF00001	14	96204679	96268967	2	1
C36	PF00001	15	39799032	39920892	2	0
C37	PF00001	16	89912119	89936092	2	1
C38	PF00001	18	13824155	13915707	2	0
C39	PF00001	19	3172346	3606840	2	10
C40	PF00001	19	10106223	10517931	4	17
C41	PF00001	19	35351552	35451767	4	0
C42	PF00001	14	24305734	24318036	2	2
C43	PF00002	7	30651943	31111479	3	5
C44	PF00002	6	46852512	47042363	2	0
C45	PF00002	6	47656436	47722021	2	0
C46	PF00002	17	45620344	45835828	2	0
C47	PF00002	16	57542421	57689378	3	0
C48	PF00002	19	14147743	14778541	4	9
C49	PF00003	3	122184334	122286497	2	0
C50	PF00003	12	12890782	12952147	2	0
C51	PF00004	1	1449689	1534687	3	0
C52	PF00004	16	69299682	69326939	2	3
C53	PF00005	7	151028422	151227230	2	9
C54	PF00005	7	87401697	87713323	2	1
C55	PF00005	3	183919934	184194012	2	6
C56	PF00005	2	43812472	43878466	2	0
C57	PF00005	6	32813767	32853978	3	3
C58	PF00005	16	48082973	48247568	2	1
C59	PF00005	16	15949577	16223522	2	0
C60	PF00005	1	93992835	94518666	2	1
C61	PF00005	17	68867292	69327244	5	0
C62	PF00007	19	49015980	49058860	8	3
C63	PF00008	1	146113652	146229026	2	1
C64	PF00008	1	169588849	169764705	2	2
C65	PF00008	13	113105788	113172383	3	0
C66	PF00008	15	88803443	88913411	2	1
C67	PF00008	5	83471465	84384793	2	1
C68	PF00008	6	32164583	32224067	2	6
C69	PF00010	21	33025845	33072420	2	0
C70	PF00010	7	19020991	19145421	2	0
C71	PF00010	7	17298622	17467234	2	0
C72	PF00010	20	62841115	63007035	2	4
C73	PF00010	1	39624153	39902256	2	6
C74	PF00010	13	36168208	36297842	2	1
C75	PF00010	1	6244192	6424670	2	2
C76	PF00010	15	89748661	89778754	2	0
C77	PF00010	12	80707498	80719673	2	0
C78	PF00011	11	111908565	111926871	3	1
C79	PF00012	6	31809619	31830255	3	0
C80	PF00013	5	140401814	140549569	2	2
C81	PF00014	19	38244035	38304910	2	2
C82	PF00014	20	45512461	45725830	6	5
C83	PF00017	4	48066393	48269864	2	0
C84	PF00017	2	190964358	191151596	2	1
C85	PF00017	19	6752160	6857366	2	0
C86	PF00017	19	3777970	4290724	2	13
C87	PF00017	20	63528001	63547504	2	0
C88	PF00017	17	19020673	19159176	2	1
C89	PF00017	17	42199168	42388568	3	0
C90	PF00017	1	46040140	46176488	2	2
C91	PF00017	19	18153118	18178117	2	1
C92	PF00017	1	154469772	154974395	2	8
C93	PF00018	12	57243453	57488814	2	6
C94	PF00018	13	23979700	24321031	2	1
C95	PF00018	17	19020673	19159176	2	1
C96	PF00018	22	39901082	40410289	2	4
C97	PF00018	4	48066393	48269864	2	0
C98	PF00018	5	148923639	149634968	2	6
C99	PF00018	19	6737925	6857366	2	1
C100	PF00019	19	18374731	18896727	3	14
C101	PF00019	1	39491646	39788861	2	6
C102	PF00019	1	225886282	225941489	2	2
C103	PF00019	10	47300386	47326270	2	0
C104	PF00019	12	57434760	57459280	2	0
C105	PF00020	8	23020133	23225126	4	1
C106	PF00020	12	6328757	6451718	3	2
C107	PF00020	1	12063377	12209228	2	0
C108	PF00021	8	142670308	143217170	8	7
C109	PF00021	19	43353659	43827206	6	13
C110	PF00022	2	130074030	130658091	3	11
C111	PF00022	9	108854589	108863759	2	0
C112	PF00023	14	18967434	19434341	2	1
C113	PF00023	2	196967017	197311173	2	0
C114	PF00023	7	142871203	142933808	2	0
C115	PF00024	4	186208979	186288806	2	1
C116	PF00025	11	65014113	65040570	2	1
C117	PF00025	12	48903503	48957551	3	2
C118	PF00025	17	46274784	46579682	4	2
C119	PF00026	11	1734821	1764573	2	1
C120	PF00026	11	61203307	61251448	3	0
C121	PF00027	8	86553977	87615219	2	1
C122	PF00027	5	131423921	131796983	2	1
C123	PF00028	5	140786136	141969741	55	11
C124	PF00028	18	30990008	31549008	7	0
C125	PF00028	13	61409685	61427849	2	0
C126	PF00028	16	68636189	68835548	2	0
C127	PF00029	1	34755047	34795747	4	1
C128	PF00029	1	38864501	38881617	2	1
C129	PF00029	1	147756199	147909257	2	0
C130	PF00029	13	20138255	20232395	3	0
C131	PF00030	2	208121607	208163576	4	0
C132	PF00030	22	25199850	25231869	2	0
C133	PF00030	22	26599278	26630672	2	0
C134	PF00031	3	186612923	186743954	4	0
C135	PF00031	20	23439685	23879750	9	1
C136	PF00036	11	67452406	67524517	2	5
C137	PF00036	15	45092650	45165576	2	2
C138	PF00038	17	40628797	41624842	29	36
C139	PF00038	12	52168996	52952901	27	0
C140	PF00038	1	18849273	18956686	2	2
C141	PF00038	8	24913012	24957110	2	0
C142	PF00040	2	159771851	160062610	3	1
C143	PF00040	19	47968046	48025153	2	0
C144	PF00041	5	38258409	38945596	3	1
C145	PF00041	3	123610049	124726325	2	2
C146	PF00041	2	178525989	178830802	2	1
C147	PF00041	19	35825964	35945767	2	5
C148	PF00041	19	18058995	18607741	2	21
C149	PF00041	19	5158495	5340803	2	0
C150	PF00041	5	55851379	55994993	2	1
C151	PF00041	15	65327127	65423072	2	0
C152	PF00041	11	124865386	124898500	2	0
C153	PF00041	1	204828651	205078499	2	0
C154	PF00041	1	175067858	175743770	2	1
C155	PF00041	1	43300993	43623666	3	5
C156	PF00041	1	22563564	22921500	2	3
C157	PF00041	19	4229498	4323843	2	3
C158	PF00042	11	5225464	5645789	5	18
C159	PF00042	16	152687	181181	5	0
C160	PF00043	1	109656081	109775428	4	2
C161	PF00045	17	28364288	28373091	2	2
C162	PF00045	11	102576835	102955734	8	0
C163	PF00046	2	44941898	45009430	2	0
C164	PF00046	X	120070672	120165630	3	0
C165	PF00046	8	122781394	123275541	2	5
C166	PF00046	8	23678693	23706598	2	0
C167	PF00046	7	97005548	97025097	2	0
C168	PF00046	7	27092993	27250493	13	0
C169	PF00046	20	21395367	21514026	2	0
C170	PF00046	2	176077472	176190907	10	1
C171	PF00046	2	172084740	172102900	2	0
C172	PF00046	2	74497517	74517147	2	1
C173	PF00046	2	72916260	73212513	2	2
C174	PF00046	19	47801243	47843330	2	0
C175	PF00046	17	49968970	49995224	2	0
C176	PF00046	17	48528526	48729178	10	2
C177	PF00046	1	164555584	165356715	2	0
C178	PF00046	10	101130505	101229794	2	0
C179	PF00046	10	117128521	117549546	2	3
C180	PF00046	10	123135962	123150672	2	0
C181	PF00046	10	132783179	133241929	2	5
C182	PF00046	13	27792643	27971139	3	1
C183	PF00046	12	53938765	54056030	10	0
C184	PF00046	14	36516392	36582607	2	0
C185	PF00046	14	60508951	60724348	3	1
C186	PF00046	12	7765216	7799141	2	0
C187	PF00047	5	150053291	150155872	2	0
C188	PF00047	4	54229097	55125589	3	1
C189	PF00047	3	112332347	112499561	2	0
C190	PF00047	2	101991844	102452565	2	4
C191	PF00047	19	54249431	54867207	10	11
C192	PF00047	19	51225064	51531856	3	12
C193	PF00047	13	28003274	28495128	2	1
C194	PF00047	11	119308529	119424985	2	5
C195	PF00047	19	41549518	41881372	2	9
C196	PF00047	1	157573749	157700857	2	0
C197	PF00048	17	35871491	36212878	11	3
C198	PF00048	16	57358772	57416062	3	0
C199	PF00048	17	34255218	34363231	6	0
C200	PF00048	9	34661880	34710124	3	2
C201	PF00048	4	76001275	76041415	3	1
C202	PF00048	4	73740506	74099293	9	0
C203	PF00048	1	168540765	168582077	2	0
C204	PF00048	7	75769533	75823356	2	0
C205	PF00049	11	2129112	2161341	3	0
C206	PF00049	9	5131979	5339873	3	1
C207	PF00050	5	147824568	148339849	7	3
C208	PF00051	6	160531483	160753315	2	0
C209	PF00052	1	183023460	183244900	2	0
C210	PF00053	1	183023460	183244900	2	0
C211	PF00053	3	48636469	49133118	2	14
C212	PF00053	7	107923799	108130356	2	1
C213	PF00055	7	107923799	108130356	2	1
C214	PF00056	11	18394388	18588747	4	1
C215	PF00057	1	21812265	21937297	2	0
C216	PF00057	1	56854806	56966140	2	0
C217	PF00057	5	40909252	41261438	2	1
C218	PF00059	20	23045633	23086340	2	0
C219	PF00059	19	7688758	7769605	4	0
C220	PF00059	17	7074537	7179564	3	0
C221	PF00059	16	69950705	70187361	2	2
C222	PF00059	12	9594551	10454685	20	5
C223	PF00059	12	7729415	9010760	6	15
C224	PF00059	2	79025686	79159753	4	0
C225	PF00059	10	79555852	79982614	3	2
C226	PF00059	7	139452690	139544984	2	0
C227	PF00059	2	159768630	160062610	4	1
C228	PF00059	2	70808643	70835822	2	0
C229	PF00059	1	169588849	169764705	3	1
C230	PF00059	11	57376769	57390657	2	1
C231	PF00061	9	135521438	135666422	5	1
C232	PF00061	9	114060127	114333252	3	2
C233	PF00061	9	136738167	136986410	8	11
C234	PF00061	3	139452884	139539829	2	0
C235	PF00061	8	81280363	81531378	5	0
C236	PF00062	X	48004336	48132613	2	1
C237	PF00063	14	23381990	23435718	2	0
C238	PF00063	15	52192322	52529050	2	1
C239	PF00063	17	10298084	10657309	6	0
C240	PF00067	19	40843538	41207539	6	1
C241	PF00067	15	74337759	74756202	3	5
C242	PF00067	10	94683621	95069497	5	0
C243	PF00067	10	93060808	93077890	2	0
C244	PF00067	19	15508493	15934867	6	4
C245	PF00067	7	99648194	99866102	5	0
C246	PF00067	4	186191520	186258471	2	0
C247	PF00067	1	46757838	47149741	5	0
C248	PF00067	8	142872356	142917843	2	1
C249	PF00068	1	19920009	20177424	6	0
C250	PF00068	8	132024220	132085655	2	1
C251	PF00069	2	201387858	202567751	3	10
C252	PF00069	2	170178145	171231314	2	4
C253	PF00069	2	39175646	39437312	2	0
C254	PF00069	2	37099210	37324808	2	5
C255	PF00069	19	42230186	42255132	2	1
C256	PF00069	19	45079288	45782552	2	28
C257	PF00069	19	39825350	40390187	4	10
C258	PF00069	19	14091688	14471867	2	4
C259	PF00069	2	219245455	219498287	2	8
C260	PF00069	19	55282072	55545543	3	16
C261	PF00069	2	241106099	241509730	2	5
C262	PF00069	19	3958453	4124129	2	3
C263	PF00069	22	49960513	50270767	3	9
C264	PF00069	3	9757342	10243743	2	17
C265	PF00069	3	38165089	38493142	2	3
C266	PF00069	3	52708449	53192717	2	11
C267	PF00069	3	123610049	124726325	2	2
C268	PF00069	3	130678935	131350465	2	3
C269	PF00069	6	35832966	36547470	4	8
C270	PF00069	8	66667596	66862022	2	2
C271	PF00069	8	143716259	143840974	2	4
C272	PF00069	9	87497228	87974753	2	3
C273	PF00069	X	153669730	154019989	3	14
C274	PF00069	20	362835	543821	2	2
C275	PF00069	19	1941149	2051244	2	1
C276	PF00069	2	178525989	178830802	2	1
C277	PF00069	17	63622415	64130819	3	16
C278	PF00069	1	1635227	2185395	3	10
C279	PF00069	1	26111165	26575030	2	15
C280	PF00069	1	45343883	46036124	2	10
C281	PF00069	1	205142505	205532793	3	3
C282	PF00069	1	206470476	206734283	3	2
C283	PF00069	11	63838928	64844569	4	31
C284	PF00069	11	67266410	67435408	2	9
C285	PF00069	12	4562204	4662643	2	3
C286	PF00069	13	52033611	52159861	2	0
C287	PF00069	14	24205697	24340045	2	16
C288	PF00069	14	61187559	61657964	2	1
C289	PF00069	14	50329404	50561126	2	2
C290	PF00069	14	102932379	103503831	2	5
C291	PF00069	17	28041737	28743455	3	24
C292	PF00069	17	21284672	21783465	2	3
C293	PF00069	17	19377721	19867936	2	7
C294	PF00069	14	74903954	75127344	2	5
C295	PF00069	16	23677656	24220611	3	1
C296	PF00069	16	29973641	30123506	2	10
C297	PF00069	15	74598500	74843346	2	6
C298	PF00069	15	63907036	64356259	2	5
C299	PF00069	17	75979231	76005999	2	3
C300	PF00069	15	39934146	40277487	4	2
C301	PF00069	16	2537964	2980539	2	12
C302	PF00071	22	36758202	37244448	2	11
C303	PF00071	X	103499130	103832228	2	7
C304	PF00071	7	151085831	151520120	2	9
C305	PF00071	3	128726122	129122801	2	6
C306	PF00071	19	40778216	40808198	2	3
C307	PF00071	1	112701106	112711433	2	1
C308	PF00071	16	589357	674174	2	4
C309	PF00071	12	48857145	49070025	2	10
C310	PF00071	1	205767986	206003461	2	3
C311	PF00071	1	155897808	156070514	2	6
C312	PF00071	17	42011382	42155044	3	6
C313	PF00074	14	20505537	21058455	16	6
C314	PF00075	2	3531984	3558616	2	0
C315	PF00076	19	35629030	35745445	2	8
C316	PF00076	2	38561978	38751494	2	1
C317	PF00076	20	35648925	35742312	2	4
C318	PF00076	3	185643739	185938136	2	0
C319	PF00076	4	82352498	82430408	2	0
C320	PF00076	7	23310209	23532041	2	1
C321	PF00076	X	136497079	136880764	2	3
C322	PF00076	X	130401969	130903317	2	0
C323	PF00076	Y	21511338	22417881	6	1
C324	PF00076	Y	23129355	23291356	2	0
C325	PF00076	Y	24763069	24907040	2	0
C326	PF00076	19	10115017	10333640	2	11
C327	PF00076	X	73003517	73079512	2	0
C328	PF00076	19	7958579	8489114	2	11
C329	PF00076	11	62559603	62592177	2	1
C330	PF00076	19	797075	1435687	3	27
C331	PF00076	17	57255851	58007346	2	5
C332	PF00076	17	35713791	35930773	2	7
C333	PF00076	16	30957294	31194871	2	12
C334	PF00076	15	72266746	72320129	2	2
C335	PF00076	14	22893206	23326185	3	17
C336	PF00076	12	120341330	120469793	2	4
C337	PF00076	11	114400030	114443932	2	3
C338	PF00076	11	66616582	66677921	4	0
C339	PF00076	1	39560816	39763914	2	4
C340	PF00076	1	12847408	13165467	4	8
C341	PF00076	1	11012344	11030528	2	1
C342	PF00076	19	5586999	5668478	2	0
C343	PF00079	6	2832332	2972165	3	0
C344	PF00079	3	167441789	167825568	2	2
C345	PF00079	17	1742836	1777574	2	0
C346	PF00079	14	94280455	94624646	10	0
C347	PF00079	18	63476761	64019779	11	0
C348	PF00083	1	9003300	9088478	2	0
C349	PF00083	3	38265812	38318575	2	0
C350	PF00083	5	132294443	132395614	2	1
C351	PF00083	6	160121789	160277638	2	0
C352	PF00083	11	62936385	63369718	4	1
C353	PF00083	11	64555626	64602353	2	0
C354	PF00083	12	7812512	7936275	2	0
C355	PF00083	14	23346306	23352912	2	0
C356	PF00083	22	23856703	23895223	2	1
C357	PF00084	5	40909252	41261438	2	1
C358	PF00084	6	31897785	31952084	3	1
C359	PF00084	12	6988259	7092607	2	3
C360	PF00084	1	196651878	197067267	8	0
C361	PF00084	1	207088842	207795513	7	0
C362	PF00084	1	169588849	169764705	3	1
C363	PF00085	9	110243811	110337884	2	0
C364	PF00086	2	216632828	216695525	2	0
C365	PF00086	7	45888357	45921874	2	0
C366	PF00087	8	142750150	142778224	2	0
C367	PF00088	7	141907813	142222324	2	3
C368	PF00088	21	42311667	42366594	3	0
C369	PF00089	2	130539095	130584161	2	0
C370	PF00089	3	46712116	46834095	4	0
C371	PF00089	4	67820876	68497604	5	1
C372	PF00089	4	186208979	186288806	2	1
C373	PF00089	7	141836286	142774564	4	6
C374	PF00089	6	31897785	31952084	3	1
C375	PF00089	6	160531483	160753315	2	0
C376	PF00089	19	50819148	51084245	16	0
C377	PF00089	8	10482878	10554166	2	0
C378	PF00089	5	55024253	55110252	2	0
C379	PF00089	19	544034	863630	6	10
C380	PF00089	16	75204096	75224924	2	0
C381	PF00089	16	72054592	72077246	2	1
C382	PF00089	1	15438439	15491400	3	1
C383	PF00089	11	117900643	118121890	2	3
C384	PF00089	12	6988259	7109273	3	2
C385	PF00089	12	50842920	51346679	2	10
C386	PF00089	1	21977021	22012539	2	0
C387	PF00089	14	24505353	24634267	4	0
C388	PF00089	16	1221651	1258998	4	1
C389	PF00089	16	2712418	2858170	4	3
C390	PF00089	16	31083425	31150094	4	4
C391	PF00089	13	113105788	113172383	3	0
C392	PF00090	10	70672803	71302864	2	3
C393	PF00090	11	130404925	130476641	2	0
C394	PF00090	21	26835747	26966513	2	0
C395	PF00090	5	40909252	41261438	2	1
C396	PF00090	9	133414358	133575519	2	4
C397	PF00090	1	56854806	56966140	2	0
C398	PF00091	16	89919165	89938761	2	1
C399	PF00091	17	42609676	42667006	2	1
C400	PF00091	12	49127782	49274603	3	0
C401	PF00091	2	219249711	219278170	2	1
C402	PF00091	6	3153669	3231730	2	1
C403	PF00092	16	31259990	31426505	3	0
C404	PF00092	21	45981737	46132849	2	0
C405	PF00092	3	52777592	52831479	3	1
C406	PF00092	3	130345516	130678155	2	0
C407	PF00092	5	52787896	53094779	2	1
C408	PF00092	6	31897785	31952084	3	1
C409	PF00093	2	188974320	189179879	2	0
C410	PF00094	11	1012821	1262172	3	0
C411	PF00095	20	45109452	45791932	10	17
C412	PF00096	6	28080975	28443502	10	3
C413	PF00096	6	27374615	27473118	2	0
C414	PF00096	5	178711592	179083537	6	1
C415	PF00096	4	53285	499156	5	0
C416	PF00096	3	169083499	169789716	2	2
C417	PF00096	2	173906459	174338492	2	1
C418	PF00096	3	114234631	115147271	2	3
C419	PF00096	3	44498970	44737083	7	0
C420	PF00096	3	42653684	42917641	2	9
C421	PF00096	3	40477113	40574685	3	0
C422	PF00096	7	6615617	6706923	3	0
C423	PF00096	3	147386046	147510293	2	0
C424	PF00096	7	57119614	57473546	2	0
C425	PF00096	2	95147330	95259774	3	1
C426	PF00096	7	64207090	65401135	9	2
C427	PF00096	7	99486519	100082548	7	12
C428	PF00096	7	149069643	149773479	9	1
C429	PF00096	7	150368189	150410597	2	0
C430	PF00096	8	143246821	143713898	6	12
C431	PF00096	8	144330565	144950888	7	22
C432	PF00096	9	96755865	96875623	2	0
C433	PF00096	9	112997120	113056759	2	0
C434	PF00096	9	122908056	122931500	2	0
C435	PF00096	X	47370583	48071658	5	8
C436	PF00096	X	57591652	57910820	2	1
C437	PF00096	X	135248920	135363152	2	2
C438	PF00096	X	153334155	153426481	2	1
C439	PF00096	19	55476332	58573575	64	52
C440	PF00096	16	71447597	71565089	2	2
C441	PF00096	19	43525497	44500524	22	15
C442	PF00096	19	51571298	53580269	40	15
C443	PF00096	1	33256545	33496507	2	2
C444	PF00096	1	40450102	40548169	3	1
C445	PF00096	1	246945547	247172016	4	1
C446	PF00096	1	248838210	248859144	2	0
C447	PF00096	10	37802823	38150293	4	1
C448	PF00096	10	43556344	43648856	3	0
C449	PF00096	11	6926404	7020368	2	0
C450	PF00096	12	53180700	53416446	3	9
C451	PF00096	12	132918308	133214831	7	2
C452	PF00096	13	99962964	99986773	2	0
C453	PF00096	16	3088890	3409370	8	6
C454	PF00096	17	5078248	5191883	3	1
C455	PF00096	16	30378106	31084196	10	26
C456	PF00096	19	19668796	24129961	34	4
C457	PF00096	17	16551387	16653856	2	0
C458	PF00096	17	47844908	47928957	2	0
C459	PF00096	18	35241030	35377337	4	0
C460	PF00096	19	2819874	2944971	5	0
C461	PF00096	19	7069444	7521026	2	7
C462	PF00096	19	8806170	9793180	14	10
C463	PF00096	19	11483427	12887181	26	32
C464	PF00096	17	15699577	15744783	2	1
C465	PF00096	19	34677639	34964049	4	1
C466	PF00096	19	36182060	37817300	30	2
C467	PF00096	19	39984134	40090938	3	0
C468	PF00096	19	42068477	42228201	2	3
C469	PF00097	6	30136108	30172696	2	1
C470	PF00097	11	89710299	89975228	3	3
C471	PF00098	11	66616626	66677921	3	1
C472	PF00100	16	20309572	20356301	2	0
C473	PF00100	10	122560665	122850793	2	2
C474	PF00100	7	76397518	76627261	2	4
C475	PF00102	12	70515866	70920843	2	0
C476	PF00102	19	5158495	5340803	2	0
C477	PF00103	17	63872012	63918838	5	0
C478	PF00104	17	40058290	40357643	3	6
C479	PF00104	3	23945260	24495282	2	1
C480	PF00104	9	124481236	124771310	2	0
C481	PF00105	17	40058290	40357643	3	6
C482	PF00105	3	23945260	24495282	2	1
C483	PF00105	9	124481236	124771310	2	0
C484	PF00106	21	36069941	36146566	2	1
C485	PF00106	2	18554723	18589564	2	1
C486	PF00106	4	87303789	87391386	2	0
C487	PF00106	14	23630115	24299833	4	27
C488	PF00106	12	56752161	56959374	3	1
C489	PF00106	14	67659820	67734452	3	2
C490	PF00107	4	99070978	99435737	7	0
C491	PF00107	9	111549773	111599855	2	1
C492	PF00110	1	227918656	228061260	2	0
C493	PF00110	2	218859821	218899581	2	0
C494	PF00110	12	48965340	48981676	2	0
C495	PF00110	17	46762506	46886730	2	0
C496	PF00111	19	10305427	10316015	2	2
C497	PF00112	1	150730196	150808323	2	0
C498	PF00122	1	160115759	160186977	2	0
C499	PF00122	3	193274790	193593111	2	1
C500	PF00125	1	149782689	149887916	9	4
C501	PF00125	1	228424845	228460470	3	0
C502	PF00125	6	25726132	26273356	22	18
C503	PF00125	6	27125897	27147515	4	1
C504	PF00125	6	27807444	27893843	12	4
C505	PF00125	X	104011147	104042454	2	0
C506	PF00128	1	103553815	103758690	5	1
C507	PF00129	6	29722775	29945884	3	0
C508	PF00129	6	31268749	31511124	4	0
C509	PF00129	6	149883375	150069095	6	0
C510	PF00130	11	64726911	64844569	2	4
C511	PF00131	16	56565049	56684196	11	1
C512	PF00134	4	77047158	77433388	2	0
C513	PF00135	16	55802851	55956031	2	0
C514	PF00135	16	66934444	67009758	3	0
C515	PF00136	19	50384204	50428409	2	1
C516	PF00143	9	21077105	21482313	16	1
C517	PF00147	1	175067858	175743770	2	1
C518	PF00147	4	154562956	154612967	3	0
C519	PF00147	9	134880812	134917963	2	0
C520	PF00151	10	116427867	116609175	3	0
C521	PF00153	X	119399060	119471319	2	0
C522	PF00153	19	6426037	6465203	2	1
C523	PF00153	11	73974667	74009435	2	0
C524	PF00153	14	100291111	100330378	2	0
C525	PF00153	17	81703371	81721016	2	1
C526	PF00155	11	44047981	44084222	2	0
C527	PF00159	17	43940804	44004469	2	0
C528	PF00160	1	144372875	144593527	2	1
C529	PF00166	2	197499994	197550726	2	2
C530	PF00167	11	69698232	69819024	3	0
C531	PF00167	12	4368227	4445614	2	0
C532	PF00167	X	138614731	139222777	2	0
C533	PF00168	20	8077251	9481242	2	0
C534	PF00168	8	86342738	86561498	2	2
C535	PF00168	15	41828095	42156636	5	3
C536	PF00168	7	102482445	102616757	2	4
C537	PF00168	12	112570380	113136239	2	4
C538	PF00168	12	18247614	18738057	2	1
C539	PF00168	1	209938174	210171389	2	0
C540	PF00168	14	61187559	62112550	2	4
C541	PF00169	7	102285091	102616757	3	10
C542	PF00169	22	37282027	37776556	2	11
C543	PF00169	2	232878686	233472104	2	5
C544	PF00169	2	130836916	131353709	2	2
C545	PF00169	2	74425836	74557554	2	14
C546	PF00169	2	68365173	68826833	2	3
C547	PF00169	19	48469032	48868632	2	18
C548	PF00169	6	154154496	155257723	2	4
C549	PF00169	15	64841883	64930920	2	1
C550	PF00169	14	67386983	67589612	2	2
C551	PF00169	13	98142562	99086625	2	3
C552	PF00169	13	23979700	24321031	2	1
C553	PF00169	12	111360651	111451623	2	0
C554	PF00169	11	9664077	10294207	2	0
C555	PF00169	19	7382834	7472477	2	1
C556	PF00170	1	212565334	212699985	2	1
C557	PF00170	12	53506688	53626410	2	1
C558	PF00170	14	75278774	75547015	3	0
C559	PF00171	17	19648136	19748943	2	1
C560	PF00171	12	111753890	111817529	2	1
C561	PF00171	11	67662162	68029282	2	1
C562	PF00173	11	61792980	61892051	3	1
C563	PF00175	9	137205685	137217009	2	0
C564	PF00176	16	30698209	30745169	2	1
C565	PF00176	8	94371960	94475109	2	1
C566	PF00178	1	157092044	157138474	2	0
C567	PF00178	11	34478793	34661057	2	0
C568	PF00178	11	128458761	128813267	2	0
C569	PF00178	19	50415799	50431313	2	1
C570	PF00178	21	38380027	38824955	2	0
C571	PF00179	8	73688691	73878910	2	1
C572	PF00179	3	23203020	23891316	2	0
C573	PF00179	2	237966827	238099412	2	1
C574	PF00179	20	50081124	50153637	2	1
C575	PF00184	20	3071620	3084724	2	0
C576	PF00188	6	49692358	49877096	3	1
C577	PF00188	8	74824537	75034558	2	0
C578	PF00188	12	75334639	75503853	3	2
C579	PF00188	16	69950705	70187361	2	2
C580	PF00193	1	156619294	156659532	2	0
C581	PF00193	5	83471465	83721613	2	0
C582	PF00193	15	88803443	88895626	2	0
C583	PF00193	19	19211973	19262796	2	0
C584	PF00194	8	85220587	85481493	4	0
C585	PF00200	8	24294040	24526970	2	1
C586	PF00200	8	38996869	39838289	4	0
C587	PF00200	14	70452157	70535015	2	0
C588	PF00201	5	35951010	36071358	2	0
C589	PF00201	4	68537184	69653249	10	0
C590	PF00201	2	233617645	233773310	9	0
C591	PF00206	7	66075798	66152277	2	1
C592	PF00207	6	31982024	32035418	2	2
C593	PF00207	12	8822472	9208370	3	3
C594	PF00209	12	190077	262873	2	0
C595	PF00209	3	10816200	11039247	2	0
C596	PF00209	5	1201595	1445430	3	2
C597	PF00211	4	155666711	155807591	2	0
C598	PF00212	1	11845709	11858931	2	0
C599	PF00213	21	33584687	33931607	2	3
C600	PF00214	11	14904997	15082342	2	0
C601	PF00217	15	43593054	43699222	2	2
C602	PF00219	2	216632828	216695525	2	0
C603	PF00219	7	45888357	45921874	2	0
C604	PF00220	20	3071620	3084724	2	0
C605	PF00225	1	200551497	201023700	2	4
C606	PF00226	12	55757275	55830824	2	3
C607	PF00226	9	111631352	111670229	2	1
C608	PF00227	6	32840717	32859585	2	1
C609	PF00227	7	42909273	42932223	2	2
C610	PF00227	11	14493783	14643635	2	1
C611	PF00227	14	23016543	23044276	2	0
C612	PF00227	16	67929614	67937087	2	2
C613	PF00229	17	7548891	7561608	3	0
C614	PF00229	19	6530999	6670588	3	0
C615	PF00229	6	31572054	31582522	3	0
C616	PF00229	9	114784635	114930595	2	0
C617	PF00230	2	240676418	240698483	2	0
C618	PF00230	7	30852273	30925516	2	2
C619	PF00230	9	33383179	33447611	2	0
C620	PF00230	12	49950741	49977139	3	1
C621	PF00237	18	49481681	49492523	2	1
C622	PF00240	14	24213955	24232454	2	2
C623	PF00240	11	5507300	5516705	2	1
C624	PF00241	3	52221081	52239260	2	1
C625	PF00245	2	232378534	232460032	3	0
C626	PF00246	3	148791102	148897196	2	0
C627	PF00246	7	130266827	130388114	4	0
C628	PF00246	15	86079973	87029052	2	0
C629	PF00248	1	19282558	19312146	2	0
C630	PF00248	7	134442350	134579875	3	0
C631	PF00248	10	4786629	5218949	5	0
C632	PF00250	1	47416072	47440691	2	0
C633	PF00250	16	86510527	86582160	3	1
C634	PF00250	6	1312440	1613897	3	0
C635	PF00250	9	65282101	65738784	2	1
C636	PF00255	6	28503296	28534952	2	0
C637	PF00258	9	137205685	137217009	2	0
C638	PF00266	20	35632340	35699359	2	3
C639	PF00270	5	55256245	55817157	3	2
C640	PF00270	4	168216293	168537786	2	1
C641	PF00270	6	31530219	31969755	2	47
C642	PF00270	10	68901278	68985073	2	0
C643	PF00270	16	70289663	70373383	3	0
C644	PF00271	10	68901278	69209099	3	3
C645	PF00271	12	131949920	132144335	2	1
C646	PF00271	16	30698209	30745169	2	1
C647	PF00271	16	70289663	70373383	3	0
C648	PF00271	17	7572706	7912760	2	16
C649	PF00271	4	168216293	168537786	2	1
C650	PF00271	5	55256245	55817157	3	2
C651	PF00271	6	31530219	31969755	2	47
C652	PF00271	8	94371960	94475109	2	1
C653	PF00273	4	73397114	73504001	3	0
C654	PF00277	11	18231349	18269977	4	0
C655	PF00291	12	113392445	113438276	2	0
C656	PF00293	6	34279679	34426048	2	1
C657	PF00293	X	51332231	51496596	2	1
C658	PF00293	10	1018907	1049170	2	1
C659	PF00305	17	8039017	8119047	3	0
C660	PF00307	11	12094008	12530801	2	1
C661	PF00307	11	66546395	66729226	2	7
C662	PF00307	13	46125920	46753040	2	2
C663	PF00307	22	43999211	44219533	2	1
C664	PF00307	X	115110616	115650861	2	2
C665	PF00316	9	94558720	94640249	2	0
C666	PF00319	19	19145567	19192158	2	1
C667	PF00323	8	6924693	7056734	6	0
C668	PF00326	2	161992241	162245151	2	1
C669	PF00327	2	99141485	99322741	3	7
C670	PF00334	17	51153536	51171747	3	0
C671	PF00335	11	44564427	44932421	2	1
C672	PF00335	X	37349330	38688920	2	10
C673	PF00335	11	832843	867116	2	1
C674	PF00335	11	2301997	2397419	2	1
C675	PF00337	19	39602501	39738028	4	0
C676	PF00337	22	37570246	37679806	2	3
C677	PF00337	19	38770971	38813364	3	0
C678	PF00340	2	112773915	113134016	9	0
C679	PF00342	19	34359480	34409364	2	1
C680	PF00349	10	69220303	69401882	2	0
C681	PF00350	21	41361943	41459214	2	0
C682	PF00354	1	159587825	159714589	2	0
C683	PF00357	16	31259990	31426505	3	0
C684	PF00362	17	47253846	47344292	2	1
C685	PF00366	7	55887277	55956501	2	2
C686	PF00370	17	3585149	3636322	2	1
C687	PF00373	2	119759631	120179119	2	0
C688	PF00373	9	109171975	109498313	2	0
C689	PF00377	20	4686236	4728460	2	0
C690	PF00378	19	38815422	38840178	2	1
C691	PF00378	Y	17877410	18028597	2	0
C692	PF00385	17	79778132	79839429	3	0
C693	PF00385	22	38861450	39152674	2	7
C694	PF00385	Y	17877410	18028597	2	0
C695	PF00386	13	23891099	24322535	2	3
C696	PF00386	1	22636506	22661538	3	0
C697	PF00386	5	33987174	34124528	2	1
C698	PF00387	20	8077251	9481242	2	0
C699	PF00388	20	8077251	9481242	2	0
C700	PF00397	20	34363235	34511393	2	0
C701	PF00400	3	46979683	47477126	2	5
C702	PF00400	2	27130756	27489789	3	17
C703	PF00400	2	202874782	203226378	2	1
C704	PF00400	22	19330698	19854939	2	9
C705	PF00400	3	51933430	52288020	3	15
C706	PF00400	19	45606994	45792802	2	8
C707	PF00400	7	99325898	99394801	2	1
C708	PF00400	8	144107726	144291370	2	4
C709	PF00400	9	113275343	113340298	2	2
C710	PF00400	X	27590382	27981449	2	1
C711	PF00400	X	48590042	49101170	2	17
C712	PF00400	3	113286947	113441610	2	1
C713	PF00400	19	2997638	3538330	2	10
C714	PF00400	19	12666800	12696643	2	3
C715	PF00400	17	18225587	18779349	2	11
C716	PF00400	17	15565483	15651653	3	1
C717	PF00400	16	4340251	4425705	2	2
C718	PF00400	16	1972037	2209416	3	12
C719	PF00400	16	649311	690444	2	4
C720	PF00400	15	51447711	52191369	2	7
C721	PF00400	14	99737693	100530303	2	6
C722	PF00400	11	62602218	62841809	2	24
C723	PF00400	10	101354033	101695295	2	2
C724	PF00400	10	48684876	48982956	2	1
C725	PF00400	1	160215715	160343400	3	2
C726	PF00400	1	43172149	43363203	2	5
C727	PF00400	1	32221928	32686211	2	13
C728	PF00410	16	18781295	18801519	2	1
C729	PF00412	8	22578279	22602084	2	1
C730	PF00412	6	41780349	41790141	2	3
C731	PF00412	14	105472962	105492267	3	1
C732	PF00412	2	109898428	110473075	3	3
C733	PF00413	11	102520508	102955734	9	0
C734	PF00415	4	88378739	88708542	3	3
C735	PF00429	19	53013921	53051076	2	0
C736	PF00431	10	122560665	122850793	2	2
C737	PF00431	12	6988259	7109273	3	2
C738	PF00432	14	64914485	65062652	2	4
C739	PF00433	8	66667596	66862022	2	2
C740	PF00435	11	66546395	66729226	2	7
C741	PF00439	2	230203110	230544090	3	2
C742	PF00443	8	7971661	7977985	2	0
C743	PF00443	8	7332387	7338707	2	0
C744	PF00443	8	12132417	12139077	2	0
C745	PF00443	3	49108046	49340712	2	6
C746	PF00443	15	50424380	50546708	2	0
C747	PF00443	4	9210657	9364721	20	0
C748	PF00445	6	166858094	166957191	2	1
C749	PF00447	Y	18546671	18828662	2	0
C750	PF00447	X	149548210	149931287	4	7
C751	PF00452	14	23298790	23325369	2	3
C752	PF00454	4	25160663	25279092	2	0
C753	PF00454	10	97584374	97676434	2	3
C754	PF00467	17	8368638	8383213	2	1
C755	PF00474	22	32043032	32255341	2	3
C756	PF00481	1	112702614	112715477	2	1
C757	PF00487	11	61792980	61892051	3	1
C758	PF00488	2	47402969	47810101	2	2
C759	PF00488	6	31739948	31764851	2	1
C760	PF00498	6	30699807	31167159	2	16
C761	PF00501	5	131807143	132012243	2	1
C762	PF00501	16	20409534	20797581	5	2
C763	PF00503	9	77423079	78031458	2	0
C764	PF00503	1	109548611	109619929	2	1
C765	PF00503	3	50191612	50259355	2	1
C766	PF00503	7	80133955	80512020	2	1
C767	PF00503	19	3094410	3163769	2	0
C768	PF00505	8	10723768	10839847	2	1
C769	PF00514	5	112707498	112867582	2	2
C770	PF00514	10	22345445	23038523	2	1
C771	PF00520	8	72019917	72938349	2	0
C772	PF00520	7	142871203	142933808	2	0
C773	PF00520	3	38548057	38950561	3	0
C774	PF00520	2	165989160	166494247	3	0
C775	PF00520	2	165087522	165392732	2	0
C776	PF00520	X	48961378	49233371	2	11
C777	PF00520	17	63523334	63972918	2	17
C778	PF00520	17	3510502	3609411	2	3
C779	PF00520	12	4720341	5046788	4	1
C780	PF00520	11	2404515	2849109	2	0
C781	PF00520	1	110211343	110675033	4	4
C782	PF00520	19	49067418	49211836	2	5
C783	PF00530	11	60971680	61127852	2	0
C784	PF00530	12	7346685	7503893	2	0
C785	PF00531	8	23020133	23225126	2	3
C786	PF00535	12	89519408	89526262	2	1
C787	PF00535	4	171812254	173323967	2	0
C788	PF00535	7	151956379	152122347	2	0
C789	PF00536	1	22563564	22921500	2	3
C790	PF00536	11	70270700	71252577	2	1
C791	PF00536	11	72223701	72793599	2	4
C792	PF00536	3	169911572	170181749	2	2
C793	PF00536	6	130013699	130365425	2	0
C794	PF00536	X	17737449	18354727	2	2
C795	PF00538	3	129314771	129551467	2	4
C796	PF00538	6	26017085	26234933	5	22
C797	PF00542	17	81703357	81720539	2	1
C798	PF00557	12	56101331	56113907	2	1
C799	PF00561	10	88664441	89414557	5	9
C800	PF00561	6	31686949	32163680	2	39
C801	PF00566	22	30285238	30327046	2	1
C802	PF00566	17	37924415	38192541	6	0
C803	PF00566	17	15699692	15749192	2	1
C804	PF00566	16	2475051	2520218	2	2
C805	PF00566	17	36165681	36439566	5	2
C806	PF00571	1	16018875	16057308	2	1
C807	PF00571	2	96760902	96833911	2	1
C808	PF00581	22	37010859	37029822	2	0
C809	PF00587	19	38915266	38949855	2	2
C810	PF00594	X	37349275	38687674	2	10
C811	PF00594	13	113105788	113172383	3	0
C812	PF00595	8	143368887	143815379	2	15
C813	PF00595	6	154387504	155257723	2	2
C814	PF00595	X	70286595	70505490	2	2
C815	PF00595	9	69121264	69672306	3	1
C816	PF00595	6	117318211	117602542	2	2
C817	PF00595	5	131423921	132273454	3	7
C818	PF00595	19	3585553	3761699	3	3
C819	PF00595	17	43800799	43909711	2	1
C820	PF00595	17	7189890	7234545	2	1
C821	PF00595	14	70326064	70417074	2	1
C822	PF00612	11	124673798	124747210	2	1
C823	PF00612	15	52192322	52529050	2	1
C824	PF00612	3	51778561	51903335	5	0
C825	PF00615	17	65100812	65561647	2	1
C826	PF00615	10	119207589	119542708	2	0
C827	PF00615	5	177357837	177442901	2	3
C828	PF00615	16	268301	352673	2	4
C829	PF00615	1	192158457	192812283	5	0
C830	PF00615	1	182409192	182684576	3	1
C831	PF00615	4	2963608	3439913	2	2
C832	PF00615	1	163068775	163321791	2	1
C833	PF00616	7	102482445	102616757	2	4
C834	PF00617	5	131423921	131796983	2	1
C835	PF00618	5	131423921	131796983	2	1
C836	PF00619	11	104942866	105139726	6	0
C837	PF00619	11	102317450	102378670	2	0
C838	PF00620	10	97153045	97292673	2	1
C839	PF00620	19	18153118	18178117	2	1
C840	PF00620	22	44702233	44862788	2	1
C841	PF00620	X	68042344	68725842	2	1
C842	PF00621	2	38889880	39124345	2	1
C843	PF00621	13	23979700	24321031	2	1
C844	PF00621	19	7382834	7472477	2	1
C845	PF00622	4	188091273	188147743	2	0
C846	PF00622	22	32190435	32361161	2	3
C847	PF00622	6	25962802	26510422	6	35
C848	PF00622	5	180899077	181235809	5	2
C849	PF00622	19	55759014	55773179	2	0
C850	PF00622	6	30151945	30343729	4	1
C851	PF00622	11	62690275	62727384	2	2
C852	PF00622	11	49027501	49059112	2	0
C853	PF00622	11	5596109	5938619	5	10
C854	PF00622	11	4384897	4608259	2	6
C855	PF00622	1	228393673	228416861	2	0
C856	PF00622	11	89710299	90042025	7	0
C857	PF00625	9	69121264	69255208	2	0
C858	PF00625	17	43800799	43909711	2	1
C859	PF00626	9	121207794	121332843	3	1
C860	PF00628	1	6101793	6624033	2	14
C861	PF00628	1	154957026	155562807	2	30
C862	PF00631	7	93591573	93928610	2	1
C863	PF00631	9	111631386	111670246	2	1
C864	PF00632	14	30559123	31207804	2	4
C865	PF00632	20	34363235	34511393	2	0
C866	PF00632	4	88378739	88708542	3	3
C867	PF00642	7	140023744	140479569	2	3
C868	PF00642	6	30556886	30618612	2	3
C869	PF00642	19	35739252	35745445	2	2
C870	PF00642	2	112211525	112340063	2	0
C871	PF00642	5	146203550	146339251	2	1
C872	PF00643	4	164954446	165041744	2	1
C873	PF00643	7	72959485	73328082	2	1
C874	PF00643	6	30102897	30346854	6	2
C875	PF00643	5	181193924	181261139	3	1
C876	PF00643	3	160227454	160485773	2	3
C877	PF00643	17	15571491	15684311	2	2
C878	PF00643	11	89797655	90042025	4	2
C879	PF00643	11	5596109	5938619	5	10
C880	PF00643	11	4384897	4608259	2	6
C881	PF00643	1	228393673	228416861	2	0
C882	PF00643	17	75874161	75897003	2	0
C883	PF00644	3	122577602	122730840	2	0
C884	PF00648	1	223538007	223776018	2	0
C885	PF00648	2	30722771	31233858	2	1
C886	PF00650	22	30396857	30546682	5	2
C887	PF00651	3	42653684	42692544	2	0
C888	PF00651	3	127672935	127987671	2	1
C889	PF00651	3	183487531	183684477	2	0
C890	PF00651	22	20441519	21451463	3	13
C891	PF00651	9	122908056	122931500	2	0
C892	PF00651	9	126805006	126885878	2	0
C893	PF00651	6	33314406	33457548	2	5
C894	PF00651	2	169509702	169776989	2	5
C895	PF00651	17	41835685	41865431	2	1
C896	PF00651	17	7023020	7484263	2	36
C897	PF00651	14	104800596	105251093	2	9
C898	PF00651	14	64449106	64533690	2	2
C899	PF00651	13	41127569	41194566	2	0
C900	PF00651	1	173714941	173903549	2	2
C901	PF00651	1	32465057	32605939	3	1
C902	PF00651	1	6580001	6614607	2	1
C903	PF00652	4	171812254	173323967	2	0
C904	PF00652	12	89519408	89526262	2	1
C905	PF00653	11	102317450	102378670	2	0
C906	PF00654	1	16018875	16057308	2	1
C907	PF00656	2	201116104	201287711	3	0
C908	PF00656	11	104942866	105035250	3	0
C909	PF00664	6	32813767	32853978	3	3
C910	PF00664	7	87401697	87713323	2	1
C911	PF00664	16	15949577	16223522	2	0
C912	PF00664	16	48082973	48247568	2	1
C913	PF00667	9	137205685	137217009	2	0
C914	PF00676	19	41350853	41425005	2	4
C915	PF00681	8	143857324	143976734	2	0
C916	PF00685	2	108247195	108388057	3	0
C917	PF00685	16	75472052	75535247	2	1
C918	PF00685	4	69721162	69860152	2	0
C919	PF00685	10	73796514	73811798	2	1
C920	PF00685	16	28591943	28623625	2	0
C921	PF00688	1	39491646	39788861	2	6
C922	PF00688	1	225886282	225941489	2	2
C923	PF00689	1	160115759	160186977	2	0
C924	PF00690	1	160115759	160186977	2	0
C925	PF00690	3	193274790	193593111	2	1
C926	PF00702	3	193274790	193593111	2	1
C927	PF00704	1	203178931	203273641	2	0
C928	PF00704	1	111200771	111427777	3	2
C929	PF00711	8	12064389	12318316	2	4
C930	PF00711	8	7414860	7896711	6	10
C931	PF00726	1	206767602	206869223	3	0
C932	PF00728	15	72284727	72376476	2	2
C933	PF00743	1	171090877	171342084	4	0
C934	PF00751	9	841690	1057552	3	0
C935	PF00752	13	102807354	102876001	2	1
C936	PF00777	1	76074719	77065711	2	0
C937	PF00777	9	127885321	127917038	2	0
C938	PF00777	17	76565379	76643838	2	0
C939	PF00779	7	102482445	102616757	3	3
C940	PF00780	11	64784914	64844569	2	1
C941	PF00782	10	75037836	75109221	2	1
C942	PF00786	15	40217428	40277487	2	1
C943	PF00787	15	64094123	64157481	2	1
C944	PF00787	5	122774996	123029354	2	1
C945	PF00787	8	66667596	66862022	2	2
C946	PF00788	5	131423921	131796983	2	1
C947	PF00795	6	132681590	132763459	3	0
C948	PF00797	8	18170477	18401218	2	0
C949	PF00804	16	30989256	31042975	2	0
C950	PF00804	20	58651253	58715410	2	1
C951	PF00812	1	155063731	155134857	4	0
C952	PF00822	16	3012456	3020071	2	1
C953	PF00822	17	7246829	7263983	2	2
C954	PF00822	17	66835117	67033398	2	0
C955	PF00822	19	51367098	51387960	3	1
C956	PF00822	21	30165564	30216073	2	0
C957	PF00822	3	190305701	190412143	2	0
C958	PF00822	4	183318194	183322426	2	1
C959	PF00822	7	73768997	73832693	2	0
C960	PF00833	15	82536753	82555932	2	1
C961	PF00852	19	5830610	5870540	3	1
C962	PF00855	3	28349146	29767537	2	1
C963	PF00858	16	23182715	23381299	2	0
C964	PF00864	17	3663063	3916500	3	6
C965	PF00864	12	121132819	121234106	2	0
C966	PF00867	13	102807354	102876001	2	1
C967	PF00868	15	43106225	43302255	3	2
C968	PF00868	20	2296001	2432753	2	0
C969	PF00879	8	6924693	7056734	6	0
C970	PF00884	X	2903970	3112726	4	0
C971	PF00884	X	149476990	149533935	2	0
C972	PF00888	6	43037617	43224587	2	4
C973	PF00891	X	1403139	1643081	2	2
C974	PF00907	12	114353931	114684164	2	0
C975	PF00907	17	61399896	61485110	2	0
C976	PF00909	1	25272393	25430192	2	2
C977	PF00916	7	107660635	107803225	2	1
C978	PF00927	15	43106225	43302255	3	2
C979	PF00927	20	2296001	2432753	2	0
C980	PF00928	2	48529383	48776517	2	3
C981	PF00929	16	20780193	20900349	2	3
C982	PF00929	15	88621296	88656483	2	0
C983	PF00930	2	161992241	162245151	2	1
C984	PF00935	X	101390824	101412297	2	2
C985	PF00956	6	116249961	116279903	2	1
C986	PF00956	X	73126037	73214848	2	0
C987	PF00956	Y	9337464	9530682	5	0
C988	PF00957	17	8150816	8163546	2	1
C989	PF00957	2	85561562	85593412	2	1
C990	PF00969	6	32517343	33087201	9	10
C991	PF00989	7	17298622	17467234	2	0
C992	PF00992	1	201359008	201429866	2	1
C993	PF00992	11	1838989	1938706	2	1
C994	PF00992	19	55132794	55157773	2	1
C995	PF00993	6	32439842	33080775	6	14
C996	PF00995	12	122207779	122266521	2	2
C997	PF00999	2	102473303	102711318	2	0
C998	PF00999	4	102885048	103085829	2	2
C999	PF01007	21	37607376	38307357	2	2
C1000	PF01007	17	70053429	70180048	2	0
C1001	PF01007	1	159998841	160090563	2	1
C1002	PF01007	11	128836315	128921035	2	1
C1003	PF01007	17	21376197	21704612	2	1
C1004	PF01017	2	190964358	191151596	2	1
C1005	PF01017	17	42199168	42388568	3	0
C1006	PF01019	22	24219654	24629005	2	7
C1007	PF01023	1	151982915	152414263	9	0
C1008	PF01023	1	153357854	153632039	15	0
C1009	PF01026	3	10248023	10285796	2	1
C1010	PF01027	12	66123917	66170072	2	1
C1011	PF01027	12	49707725	49904217	2	3
C1012	PF01031	21	41361943	41459214	2	0
C1013	PF01033	6	131628442	131895155	2	2
C1014	PF01048	9	21802543	22032986	2	2
C1015	PF01049	16	68636189	68835548	2	0
C1016	PF01049	18	30990008	31414912	5	0
C1017	PF01055	7	141907813	142222324	2	3
C1018	PF01061	2	43812472	43878466	2	0
C1019	PF01064	2	157526767	157875862	2	0
C1020	PF01067	1	223538007	223776018	2	0
C1021	PF01067	2	30722771	31233858	2	1
C1022	PF01073	1	119414931	119515054	2	0
C1023	PF01074	19	12646511	12669397	2	3
C1024	PF01087	9	34638133	34657113	2	1
C1025	PF01094	3	122184334	122286497	2	0
C1026	PF01099	11	62190216	62423195	6	1
C1027	PF01102	4	143996104	144140751	2	0
C1028	PF01105	5	115578642	115632992	2	1
C1029	PF01105	16	69335276	69351809	2	4
C1030	PF01108	1	24119771	24187959	2	0
C1031	PF01108	6	136999971	137219449	3	0
C1032	PF01108	21	33229901	33479348	5	1
C1033	PF01122	11	59829268	59866575	2	0
C1034	PF01129	11	3638503	3664416	2	0
C1035	PF01146	7	116287380	116561184	2	0
C1036	PF01150	9	137048098	137441816	2	26
C1037	PF01150	10	95711779	95924844	3	1
C1038	PF01153	13	91398607	94407401	2	0
C1039	PF01153	X	133300103	133985895	2	0
C1040	PF01179	17	42844600	42858130	2	0
C1041	PF01187	22	23894004	23980469	3	2
C1042	PF01214	6	31665236	31673546	2	2
C1043	PF01217	15	89830599	89912882	2	1
C1044	PF01223	6	131628442	131895155	2	2
C1045	PF01231	8	39902275	40016391	2	0
C1046	PF01234	7	30697985	30892081	2	3
C1047	PF01244	16	67975663	68000586	2	1
C1048	PF01248	9	89318506	89606555	2	1
C1049	PF01273	20	33007600	33309878	8	0
C1050	PF01273	20	38260149	38377023	2	1
C1051	PF01284	X	49171926	49200259	2	1
C1052	PF01284	5	69415112	69558104	2	0
C1053	PF01284	16	66579448	66696707	3	0
C1054	PF01284	3	32238679	32503408	3	0
C1055	PF01290	X	103918896	104076212	2	2
C1056	PF01291	22	30240447	30266840	2	0
C1057	PF01301	11	134274245	134378341	2	0
C1058	PF01302	19	36014660	36125947	2	4
C1059	PF01335	2	201116104	201287711	3	0
C1060	PF01342	2	230167293	230544090	5	0
C1061	PF01344	22	20441519	20999038	2	7
C1062	PF01344	2	169479480	169776989	3	5
C1063	PF01344	3	183487531	183684477	2	0
C1064	PF01344	13	41127569	41194566	2	0
C1065	PF01344	17	41835685	41865431	2	1
C1066	PF01352	20	2467212	2524702	2	1
C1067	PF01352	3	40477113	40574685	3	0
C1068	PF01352	3	42809446	43055871	3	3
C1069	PF01352	3	44431720	44648471	4	2
C1070	PF01352	4	53285	499156	5	0
C1071	PF01352	5	178711592	179083537	5	2
C1072	PF01352	6	28141910	28369177	3	6
C1073	PF01352	7	4983718	5073221	2	0
C1074	PF01352	7	6637322	6706923	2	0
C1075	PF01352	7	55887277	55955239	2	2
C1076	PF01352	7	64045443	65401135	9	3
C1077	PF01352	7	99472841	100082548	6	13
C1078	PF01352	7	149069643	149867479	10	2
C1079	PF01352	X	52696896	52790305	2	0
C1080	PF01352	8	144720907	144902168	5	2
C1081	PF01352	9	96755865	96875623	2	0
C1082	PF01352	X	46446857	46545457	2	0
C1083	PF01352	X	47370583	48411910	8	11
C1084	PF01352	2	95147330	95184317	2	1
C1085	PF01352	7	57119614	57473546	2	0
C1086	PF01352	19	56375846	58481230	55	26
C1087	PF01352	11	6926404	7020368	2	0
C1088	PF01352	19	43827292	44500524	22	0
C1089	PF01352	19	51571298	53580269	40	15
C1090	PF01352	1	40450102	40548169	3	1
C1091	PF01352	1	246945547	247331846	6	0
C1092	PF01352	10	37776537	38150293	5	0
C1093	PF01352	10	43436841	43617903	2	1
C1094	PF01352	12	132918308	133214831	8	1
C1095	PF01352	16	3112560	3443542	6	8
C1096	PF01352	16	30525923	30624012	7	1
C1097	PF01352	16	71447600	71565089	2	2
C1098	PF01352	16	31713229	31917357	2	0
C1099	PF01352	17	16551387	16653856	2	0
C1100	PF01352	19	2819874	2944971	5	0
C1101	PF01352	19	8806170	9793180	12	12
C1102	PF01352	19	11559374	12640098	31	3
C1103	PF01352	19	19668796	24129961	35	3
C1104	PF01352	19	34677639	34964049	5	0
C1105	PF01352	19	36182060	37817300	28	4
C1106	PF01352	19	39984134	40090938	3	0
C1107	PF01352	17	15699577	15744783	2	1
C1108	PF01363	3	14818962	15099163	2	2
C1109	PF01369	19	48465837	48482314	2	1
C1110	PF01369	10	102245532	102421539	2	2
C1111	PF01390	6	46852512	47042363	2	0
C1112	PF01390	7	100969623	101058745	2	0
C1113	PF01390	4	67820876	68497604	5	1
C1114	PF01391	8	27633868	27992727	2	3
C1115	PF01391	X	108155607	108697545	2	0
C1116	PF01391	9	134641774	134917963	3	0
C1117	PF01391	6	69866571	70303083	2	0
C1118	PF01391	3	130345516	130678155	2	0
C1119	PF01391	21	45405137	46132849	3	2
C1120	PF01391	20	62816244	63334851	2	9
C1121	PF01391	5	33987174	34124528	2	1
C1122	PF01391	2	188974320	189179879	2	0
C1123	PF01391	2	118942166	119158889	2	0
C1124	PF01391	13	110148963	110513027	2	0
C1125	PF01391	13	23891099	24322535	2	3
C1126	PF01391	10	79555852	79982614	3	2
C1127	PF01391	1	22636506	22661538	3	0
C1128	PF01391	2	227002711	227314792	2	0
C1129	PF01399	16	28379579	28735730	2	11
C1130	PF01401	17	63477061	63521848	2	0
C1131	PF01403	3	49887002	50277546	3	6
C1132	PF01403	7	83363906	84492724	2	0
C1133	PF01404	1	22563564	22921500	2	3
C1134	PF01410	2	188974320	189179879	2	0
C1135	PF01411	17	42950526	42980528	2	1
C1136	PF01412	10	45825594	46358714	2	4
C1137	PF01413	2	227002711	227314792	2	0
C1138	PF01413	13	110148963	110513027	2	0
C1139	PF01413	X	108155607	108697545	2	0
C1140	PF01421	14	70452157	70535015	2	0
C1141	PF01421	11	130404925	130476641	2	0
C1142	PF01421	21	26835747	26966513	2	0
C1143	PF01421	8	24294040	24526970	3	0
C1144	PF01421	8	38996869	39838289	4	0
C1145	PF01433	5	96760810	97037515	3	1
C1146	PF01442	11	116789367	116837950	3	1
C1147	PF01454	15	23643544	23687330	2	0
C1148	PF01454	X	26138343	26218270	4	0
C1149	PF01454	X	30215560	30252038	4	0
C1150	PF01454	X	51803007	52192268	3	0
C1151	PF01454	X	54807599	54931431	2	0
C1152	PF01454	X	141838316	142205290	3	0
C1153	PF01454	X	149581653	149885835	4	3
C1154	PF01454	X	151912509	152138578	2	1
C1155	PF01454	X	152698752	153183880	6	7
C1156	PF01462	12	90963679	91183123	3	1
C1157	PF01463	4	38790677	38856817	2	0
C1158	PF01471	11	102520508	102955734	9	0
C1159	PF01477	17	8039017	8119047	3	0
C1160	PF01477	10	116427867	116609175	3	0
C1161	PF01480	5	146203550	146339251	2	1
C1162	PF01485	14	24146683	24167402	2	2
C1163	PF01490	12	46183063	46832408	3	0
C1164	PF01490	5	151276762	151492381	3	0
C1165	PF01500	17	41026026	41185342	10	10
C1166	PF01510	1	153297862	153348840	2	0
C1167	PF01529	5	710360	850986	2	1
C1168	PF01531	19	48695971	48755390	2	3
C1169	PF01546	3	51974706	51989202	2	2
C1170	PF01546	18	74495816	74587212	2	0
C1171	PF01554	17	19495385	19718979	2	1
C1172	PF01556	3	186567403	186597103	2	1
C1173	PF01562	11	130404925	130476641	2	0
C1174	PF01562	14	70452157	70535015	2	0
C1175	PF01562	8	24294040	24526970	3	0
C1176	PF01562	8	38996869	39838289	4	0
C1177	PF01562	21	26835747	26966513	2	0
C1178	PF01569	1	98890245	99309590	2	0
C1179	PF01571	3	49416775	49429314	2	1
C1180	PF01576	14	23381990	23435718	2	0
C1181	PF01576	17	10298084	10657309	6	0
C1182	PF01582	2	102064544	102452565	5	0
C1183	PF01582	3	52221080	52231190	2	1
C1184	PF01582	4	38772239	38856817	3	0
C1185	PF01582	X	12867083	12923169	2	0
C1186	PF01585	8	10725399	10839884	2	1
C1187	PF01585	3	49940007	50119021	2	0
C1188	PF01585	20	63707465	63739103	2	3
C1189	PF01585	19	18990888	19320844	2	12
C1190	PF01586	12	80707498	80719673	2	0
C1191	PF01593	X	43654907	43882447	2	0
C1192	PF01624	2	47402969	47810101	2	2
C1193	PF01630	3	50292831	50322906	3	3
C1194	PF01630	7	123828983	123971414	2	0
C1195	PF01661	3	122527924	122730840	3	1
C1196	PF01663	6	131628442	131895155	2	2
C1197	PF01663	6	46129993	46170971	2	0
C1198	PF01712	16	66469812	66552544	2	1
C1199	PF01722	16	29443056	29454964	2	1
C1200	PF01729	16	29663279	29698699	2	1
C1201	PF01731	7	95297676	95435329	3	0
C1202	PF01734	22	43879678	43964488	2	1
C1203	PF01735	15	41828095	42156636	5	3
C1204	PF01740	7	107660635	107803225	2	1
C1205	PF01754	7	66628881	66811464	2	0
C1206	PF01759	6	31982024	32035418	2	2
C1207	PF01770	2	227610090	227718012	2	0
C1208	PF01794	15	45092650	45165576	2	2
C1209	PF01794	7	90154375	90238137	2	0
C1210	PF01805	19	18990888	19320844	2	12
C1211	PF01812	15	79833585	79923754	2	1
C1212	PF01821	6	31982024	32035418	2	2
C1213	PF01823	5	40909252	41261438	2	1
C1214	PF01823	1	56854806	56966140	2	0
C1215	PF01825	16	57542421	57689378	3	0
C1216	PF01825	19	14147743	14778541	4	9
C1217	PF01825	6	46852512	47042363	2	0
C1218	PF01826	11	1012821	1262172	3	0
C1219	PF01834	19	43543040	43593036	2	2
C1220	PF01835	6	31982024	32035418	2	2
C1221	PF01835	12	8822472	9208370	3	3
C1222	PF01839	5	52787896	53094779	2	1
C1223	PF01839	16	31259990	31426505	3	0
C1224	PF01840	14	95686417	95714196	2	0
C1225	PF01841	15	43106225	43302255	3	2
C1226	PF01841	20	2296001	2432753	2	0
C1227	PF01843	15	52192322	52529050	2	1
C1228	PF01843	18	49795793	50195093	2	1
C1229	PF01909	12	112906777	113011723	3	0
C1230	PF01912	20	35267885	35284985	2	2
C1231	PF01922	5	112861188	112893079	2	3
C1232	PF01926	10	133390834	133421307	2	2
C1233	PF01979	2	26847747	27243943	2	13
C1234	PF01997	1	231528653	231819244	2	1
C1235	PF02008	18	50266882	50288304	2	0
C1236	PF02020	3	184135038	184335358	2	8
C1237	PF02023	16	3088890	3409370	6	8
C1238	PF02023	18	35241030	35377337	4	0
C1239	PF02023	19	56132599	56840728	5	12
C1240	PF02023	19	57668935	58573575	7	38
C1241	PF02023	3	44431720	44648471	3	3
C1242	PF02023	6	28080975	28616212	12	4
C1243	PF02023	7	99486519	100065038	5	14
C1244	PF02023	X	135248920	135363152	2	2
C1245	PF02037	11	62690275	62727384	2	2
C1246	PF02037	12	55752463	55827546	2	3
C1247	PF02037	19	5586999	5668478	2	0
C1248	PF02038	19	35115879	35169883	4	1
C1249	PF02038	11	117800844	117877486	3	1
C1250	PF02058	1	42153421	42164718	2	0
C1251	PF02060	21	34364024	34512275	2	3
C1252	PF02089	6	32153441	32171978	2	3
C1253	PF02136	X	102247161	102463274	2	1
C1254	PF02138	10	48684876	48982956	2	1
C1255	PF02141	11	8693351	9265390	2	7
C1256	PF02170	1	35808172	36072500	3	0
C1257	PF02171	1	35808172	36072500	3	0
C1258	PF02180	14	23298790	23325369	2	3
C1259	PF02189	11	118304545	118355161	3	0
C1260	PF02198	11	34478793	34661057	2	0
C1261	PF02198	11	128458761	128813267	2	0
C1262	PF02198	21	38380027	38824955	2	0
C1263	PF02207	14	93184973	93229215	2	2
C1264	PF02212	21	41361943	41459214	2	0
C1265	PF02214	12	4720341	5046788	4	1
C1266	PF02214	11	78015715	78188822	2	5
C1267	PF02214	1	110211343	110675033	4	4
C1268	PF02225	7	122697712	122702967	2	1
C1269	PF02244	3	148791102	148897196	2	0
C1270	PF02244	7	130266827	130388114	4	0
C1271	PF02251	14	24136158	24147570	2	2
C1272	PF02252	14	24136158	24147570	2	2
C1273	PF02263	1	89006666	89386461	7	0
C1274	PF02267	4	15702950	15853230	2	1
C1275	PF02318	3	39467198	40260321	2	0
C1276	PF02373	11	94973681	95027596	2	0
C1277	PF02373	9	6720863	7175648	3	0
C1278	PF02375	11	94973681	95027596	2	0
C1279	PF02375	9	6720863	7175648	3	0
C1280	PF02389	1	152985231	153032900	3	0
C1281	PF02394	2	112773915	112836903	2	0
C1282	PF02450	16	67939750	68261062	2	8
C1283	PF02487	16	28456371	28495575	3	2
C1284	PF02513	X	56976370	57137625	3	0
C1285	PF02535	19	2717769	2740152	2	1
C1286	PF02574	5	79069717	79132290	2	1
C1287	PF02578	13	43879284	44028526	2	1
C1288	PF02686	12	120438198	120463749	2	3
C1289	PF02727	17	42844600	42858130	2	0
C1290	PF02728	17	42844600	42858130	2	0
C1291	PF02736	14	23381990	23435718	2	0
C1292	PF02736	17	10298084	10657309	6	0
C1293	PF02749	16	29663279	29698699	2	1
C1294	PF02758	19	55708432	56061813	6	3
C1295	PF02758	19	54923509	55001142	2	0
C1296	PF02758	1	158831317	159147096	4	0
C1297	PF02758	16	31201485	31217359	2	1
C1298	PF02760	1	158831317	159147096	4	0
C1299	PF02793	7	30651943	31111479	3	5
C1300	PF02798	1	109656081	109775428	5	1
C1301	PF02798	6	52750089	52995378	5	0
C1302	PF02806	1	103553815	103758690	5	1
C1303	PF02807	15	43593054	43699222	2	2
C1304	PF02809	2	219195237	219286900	2	7
C1305	PF02818	2	178525989	178830802	2	1
C1306	PF02828	17	43800799	43909711	2	1
C1307	PF02840	10	13586927	13655929	2	1
C1308	PF02841	1	89006666	89386461	7	0
C1309	PF02864	2	190964358	191151596	2	1
C1310	PF02864	17	42199168	42388568	3	0
C1311	PF02865	2	190964358	191151596	2	1
C1312	PF02865	17	42199168	42388568	3	0
C1313	PF02866	11	18394388	18588747	4	1
C1314	PF02886	20	33007600	33309878	5	3
C1315	PF02886	20	38260149	38377023	2	1
C1316	PF02893	X	150568619	150765103	2	0
C1317	PF02902	17	7561875	7578715	2	1
C1318	PF02931	X	151953124	152657534	3	1
C1319	PF02931	8	42697376	42796392	2	0
C1320	PF02931	6	89177501	89315299	2	0
C1321	PF02931	5	161288429	162155536	4	0
C1322	PF02931	4	46035769	47426444	4	1
C1323	PF02931	15	78565520	78727754	3	0
C1324	PF02931	2	232525993	232546403	2	0
C1325	PF02931	3	184031544	184106995	3	0
C1326	PF02931	15	26543546	27541991	3	0
C1327	PF02931	11	113904677	113990313	2	0
C1328	PF02932	11	113904677	113990313	2	0
C1329	PF02932	15	26543546	27541991	3	0
C1330	PF02932	15	78565520	78727754	3	0
C1331	PF02932	2	232525993	232546403	2	0
C1332	PF02932	3	184031544	184106995	3	0
C1333	PF02932	4	46035769	47426444	4	1
C1334	PF02932	5	161288429	162155536	4	0
C1335	PF02932	6	89177501	89315299	2	0
C1336	PF02932	8	42697376	42796392	2	0
C1337	PF02932	X	151953124	152657534	3	1
C1338	PF02946	7	74453790	75149817	4	3
C1339	PF02990	14	24180395	24213473	3	3
C1340	PF03002	1	10430102	10452153	2	1
C1341	PF03024	11	72114869	72221950	3	0
C1342	PF03031	17	7240427	7252491	2	3
C1343	PF03036	19	4502180	4867768	3	9
C1344	PF03045	1	19596979	19658456	2	1
C1345	PF03061	1	151847263	151909808	2	0
C1346	PF03068	1	17066761	17401699	5	1
C1347	PF03098	2	1374223	1744852	2	0
C1348	PF03098	15	45092650	45165576	2	2
C1349	PF03098	17	58192737	58280935	3	1
C1350	PF03129	5	140673173	140699291	2	3
C1351	PF03133	3	9793082	9855138	2	2
C1352	PF03133	22	43039644	43187133	2	3
C1353	PF03137	5	102233986	102499016	2	0
C1354	PF03137	12	20695355	21419594	7	1
C1355	PF03151	1	1659529	1745992	2	1
C1356	PF03153	2	48529925	48776517	2	3
C1357	PF03165	15	66702228	67195195	2	0
C1358	PF03166	15	66702228	67195195	2	0
C1359	PF03172	2	230167293	230544090	5	0
C1360	PF03179	6	31530219	31548427	2	3
C1361	PF03185	3	178272932	179267002	3	2
C1362	PF03189	17	74924275	74949992	2	1
C1363	PF03194	7	139340359	139423457	2	1
C1364	PF03208	X	49071156	49101170	2	0
C1365	PF03250	15	51751561	51947295	2	2
C1366	PF03253	18	45212995	45752520	2	0
C1367	PF03256	6	43037617	43224587	2	4
C1368	PF03285	9	109640788	110172512	2	1
C1369	PF03299	6	50713828	50847613	2	0
C1370	PF03311	1	224356850	224740549	2	1
C1371	PF03348	15	43772617	43800221	2	5
C1372	PF03357	2	86503431	86721122	2	2
C1373	PF03357	14	24189157	24213869	2	3
C1374	PF03359	8	737596	1708474	2	1
C1375	PF03402	19	53258292	53267723	2	0
C1376	PF03414	9	133152948	133275214	2	1
C1377	PF03455	11	8693351	9265390	2	7
C1378	PF03456	11	8693351	9265390	2	7
C1379	PF03473	1	220748225	220819657	2	0
C1380	PF03476	1	220748225	220819657	2	0
C1381	PF03489	2	85657314	85698854	2	0
C1382	PF03501	6	34288770	34426125	2	1
C1383	PF03567	1	86914648	87169204	2	0
C1384	PF03587	12	6970893	6997428	2	2
C1385	PF03637	2	197500413	197553699	2	2
C1386	PF03645	3	196248230	196318299	2	2
C1387	PF03647	6	10722915	10852753	2	2
C1388	PF03656	16	4331549	4420494	2	3
C1389	PF03669	19	12664828	12671356	2	2
C1390	PF03727	10	69220303	69401882	2	0
C1391	PF03765	22	30396857	30505711	2	4
C1392	PF03798	8	1755778	1958627	2	1
C1393	PF03798	1	95117338	95247225	2	1
C1394	PF03803	3	146192339	146606216	4	0
C1395	PF03807	1	225886696	225924340	2	1
C1396	PF03810	14	24180219	24190416	2	3
C1397	PF03853	19	19516227	19537581	2	1
C1398	PF03874	7	66087761	66154568	2	1
C1399	PF03881	17	82716683	82751197	2	1
C1400	PF03901	11	111782195	111879425	2	2
C1401	PF03920	19	2997638	3063107	2	0
C1402	PF03921	19	10270835	10339823	4	5
C1403	PF03931	5	134148935	134226071	2	2
C1404	PF03937	11	61429220	61485822	2	2
C1405	PF03943	X	102247161	102463274	2	1
C1406	PF03953	6	3153669	3231730	2	1
C1407	PF03953	12	49127782	49274603	3	0
C1408	PF03953	16	89919165	89938761	2	1
C1409	PF03953	17	42609676	42667006	2	1
C1410	PF03954	17	7074537	7179564	3	0
C1411	PF03980	1	156212982	156243332	2	2
C1412	PF03982	11	75717819	75801535	2	0
C1413	PF03982	X	70040542	70240627	3	2
C1414	PF04003	21	5116343	5154734	2	1
C1415	PF04032	6	30328907	30346884	2	1
C1416	PF04081	11	67350777	67373584	2	2
C1417	PF04083	10	88586753	88678814	2	0
C1418	PF04089	2	68945232	68980974	2	0
C1419	PF04103	11	60056587	60801305	16	0
C1420	PF04103	7	150791285	150805120	2	0
C1421	PF04106	6	106045423	106325820	2	1
C1422	PF04124	16	69320140	69356306	3	7
C1423	PF04144	15	74843730	75021496	2	4
C1424	PF04145	9	113150942	113264492	2	2
C1425	PF04148	2	70939318	70995336	2	2
C1426	PF04180	6	143843344	143938471	2	2
C1427	PF04201	8	79918860	80231232	2	1
C1428	PF04212	16	69299682	69326939	2	3
C1429	PF04300	1	11648367	11674354	3	0
C1430	PF04300	19	38915404	39201884	4	4
C1431	PF04326	17	35243036	35558098	6	0
C1432	PF04418	1	19596977	19658056	2	1
C1433	PF04427	19	10106223	10114780	2	1
C1434	PF04434	20	45857617	45885266	2	0
C1435	PF04438	2	74455023	74460884	2	1
C1436	PF04505	16	29811382	29820092	2	2
C1437	PF04505	11	1732410	1763954	2	1
C1438	PF04505	11	298200	327537	4	0
C1439	PF04506	3	52969119	53130462	2	1
C1440	PF04538	X	102125688	102156057	3	0
C1441	PF04538	X	103062651	103630953	11	2
C1442	PF04548	7	150450630	150750033	8	0
C1443	PF04579	17	40993430	41019324	3	0
C1444	PF04588	3	42757177	42804531	2	1
C1445	PF04598	17	39904595	39977766	2	2
C1446	PF04614	1	160217464	160286348	2	1
C1447	PF04732	8	24913012	24957110	2	0
C1448	PF04774	4	9215405	9364721	18	1
C1449	PF04775	14	73537114	73596496	3	1
C1450	PF04795	2	74455023	74460884	2	1
C1451	PF04826	X	101418287	101659891	5	0
C1452	PF04826	X	102599168	102753540	4	0
C1453	PF04828	X	51618055	51712131	3	0
C1454	PF04831	6	105096822	105179995	2	0
C1455	PF04970	11	63461404	63616883	4	1
C1456	PF04988	19	15353385	15419141	2	0
C1457	PF05008	14	67647075	67690367	2	2
C1458	PF05118	8	61500556	61714640	2	1
C1459	PF05182	4	53377643	54295272	2	4
C1460	PF05186	10	80336105	80368073	2	0
C1461	PF05188	2	47402969	47810101	2	2
C1462	PF05190	2	47402969	47810101	2	2
C1463	PF05190	6	31739948	31764851	2	1
C1464	PF05192	6	31739948	31764851	2	1
C1465	PF05192	2	47402969	47810101	2	2
C1466	PF05279	8	61500556	61714640	2	1
C1467	PF05287	21	30281309	30881555	11	21
C1468	PF05287	21	44612079	44666927	2	7
C1469	PF05292	16	83899126	83951445	2	1
C1470	PF05296	7	141764097	141973773	4	5
C1471	PF05296	7	143183419	143478796	4	7
C1472	PF05296	12	10801532	11186937	14	5
C1473	PF05324	8	7442684	7868867	2	10
C1474	PF05328	11	112086773	112193805	2	4
C1475	PF05347	17	27798806	27894752	2	1
C1476	PF05350	10	97319267	97334709	2	0
C1477	PF05355	19	44942238	44949565	2	1
C1478	PF05399	17	31305213	31321884	2	2
C1479	PF05461	22	35648395	36267530	6	1
C1480	PF05470	16	28379579	28735730	2	11
C1481	PF05474	20	45206997	45224458	2	0
C1482	PF05485	12	71663009	71698968	2	2
C1483	PF05605	18	32018372	32131561	2	1
C1484	PF05609	1	179839967	179925000	2	0
C1485	PF05653	15	22773063	22868384	2	1
C1486	PF05729	19	54923509	55001142	2	0
C1487	PF05729	19	55708432	56061813	6	3
C1488	PF05739	16	30989256	31042975	2	0
C1489	PF05743	11	18468336	18588747	2	1
C1490	PF05805	3	149318498	149503281	3	0
C1491	PF05805	3	196316082	196338503	2	2
C1492	PF05821	10	100505628	100530000	2	2
C1493	PF05831	X	49303669	49833973	14	1
C1494	PF05831	X	52369030	52868068	3	6
C1495	PF05831	X	55075063	55264846	4	2
C1496	PF05832	17	15436021	15563595	2	1
C1497	PF05856	3	9792495	9835401	2	2
C1498	PF05920	16	54930862	55330760	2	0
C1499	PF05920	20	36573488	36612384	2	2
C1500	PF05986	21	26835747	26966513	2	0
C1501	PF05986	11	130404925	130476641	2	0
C1502	PF05997	21	43659548	43805293	2	2
C1503	PF06021	11	58640426	59094786	4	0
C1504	PF06031	19	40421592	40444705	2	0
C1505	PF06046	14	103100144	103137439	2	0
C1506	PF06046	19	45212621	45245431	2	1
C1507	PF06060	16	760762	783370	2	0
C1508	PF06083	6	52186387	52244537	2	0
C1509	PF06140	14	94081282	94130253	3	0
C1510	PF06189	2	18555545	18589572	2	1
C1511	PF06202	1	99850084	99924023	2	0
C1512	PF06212	19	19515736	19536076	2	1
C1513	PF06246	3	129087575	129161293	2	1
C1514	PF06297	6	41780349	41790141	2	3
C1515	PF06309	9	129803153	129824134	2	0
C1516	PF06312	11	114521715	114706933	3	0
C1517	PF06320	12	55716036	55724703	2	2
C1518	PF06374	11	78016971	78080219	2	2
C1519	PF06384	1	9848276	9943407	2	0
C1520	PF06409	16	14708944	15381047	4	4
C1521	PF06409	16	16317444	16393954	2	0
C1522	PF06409	16	18317942	18379331	2	0
C1523	PF06409	16	21402237	21880827	2	3
C1524	PF06409	16	28342555	28772807	5	10
C1525	PF06409	16	29381354	29505999	2	5
C1526	PF06413	15	90265659	90314499	2	1
C1527	PF06466	17	42113108	42154916	2	2
C1528	PF06467	1	34981533	35422058	4	2
C1529	PF06467	13	19823482	20091829	2	0
C1530	PF06473	4	15935569	15969309	2	1
C1531	PF06512	2	165087522	165392732	2	0
C1532	PF06512	2	165989160	166494247	3	0
C1533	PF06512	3	38548057	38950561	3	0
C1534	PF06573	14	64914361	65061803	2	4
C1535	PF06602	X	150568619	150765103	2	0
C1536	PF06623	6	31268749	31357188	2	0
C1537	PF06631	20	8077251	9481242	2	0
C1538	PF06668	10	7559270	7749520	2	0
C1539	PF06668	3	52777592	52831479	3	1
C1540	PF06733	20	63657810	63698684	2	2
C1541	PF06758	1	108223341	108471002	2	0
C1542	PF06758	1	148102046	149556361	5	2
C1543	PF06881	18	46962768	47035621	5	1
C1544	PF06907	3	158645822	158732696	2	2
C1545	PF07019	20	36574553	36612557	2	2
C1546	PF07051	4	48805212	48906937	2	0
C1547	PF07114	11	85628573	85656547	2	0
C1548	PF07192	15	24954986	25000276	2	1
C1549	PF07258	10	22315974	22329542	2	1
C1550	PF07289	2	169479178	169525922	2	1
C1551	PF07303	5	69415112	69558104	2	0
C1552	PF07347	19	8308283	8321396	2	2
C1553	PF07458	X	143025918	143721423	3	1
C1554	PF07458	X	141002591	141698739	5	1
C1555	PF07496	3	28349146	29767537	2	1
C1556	PF07525	2	53532672	53860160	2	3
C1557	PF07525	X	15235288	15315656	2	0
C1558	PF07529	16	30698209	30745169	2	1
C1559	PF07562	3	122184334	122286497	2	0
C1560	PF07645	19	14380501	15200981	4	20
C1561	PF07645	1	146113652	146229026	2	1
C1562	PF07645	11	65538805	65873592	2	15
C1563	PF07645	20	23045633	23086340	2	0
C1564	PF07645	6	32164583	32224067	2	6
C1565	PF07645	9	136494444	136672678	2	0
C1566	PF07648	5	102233986	102499016	2	0
C1567	PF07648	9	100442271	100577636	2	1
C1568	PF07648	12	20695355	21419594	6	2
C1569	PF07653	22	20917426	21551461	3	10
C1570	PF07653	9	69121264	69255208	2	0
C1571	PF07653	19	40771648	40786685	2	2
C1572	PF07653	17	75500261	75626501	2	2
C1573	PF07653	17	43800799	43909711	2	1
C1574	PF07653	14	39230231	39350423	2	1
C1575	PF07654	1	158179947	158357553	5	0
C1576	PF07654	6	29722775	29945884	3	0
C1577	PF07654	6	31268749	31511124	4	0
C1578	PF07654	6	32439842	33314387	15	17
C1579	PF07654	20	1563521	1940592	3	1
C1580	PF07677	12	8822472	9208370	3	3
C1581	PF07677	6	31982024	32035418	2	2
C1582	PF07678	6	31982024	32035418	2	2
C1583	PF07678	12	8822472	9208370	3	3
C1584	PF07679	2	102064544	102352037	2	2
C1585	PF07679	5	176810477	177098144	2	3
C1586	PF07679	3	123610049	124726325	2	2
C1587	PF07679	21	39745407	40847139	2	1
C1588	PF07679	2	219434846	219571859	2	5
C1589	PF07679	2	178525989	178830802	2	1
C1590	PF07679	19	35855861	35945767	2	5
C1591	PF07679	19	49948985	50568045	3	15
C1592	PF07679	15	65327127	65423072	2	0
C1593	PF07679	11	131370478	133532519	2	0
C1594	PF07679	11	125955796	127003460	2	7
C1595	PF07679	11	124865386	124898500	2	0
C1596	PF07679	1	204617170	205078499	3	0
C1597	PF07679	1	109292365	109509738	2	5
C1598	PF07679	19	5158495	5340803	2	0
C1599	PF07686	19	51124908	51646889	10	11
C1600	PF07686	2	86784610	86861924	2	0
C1601	PF07686	20	1470741	1940592	6	1
C1602	PF07686	3	111070071	111665750	2	1
C1603	PF07686	3	118900557	119559602	2	8
C1604	PF07686	5	83471465	83721613	2	0
C1605	PF07686	6	31588895	31717918	3	15
C1606	PF07686	5	180899077	181061523	3	0
C1607	PF07686	6	26365159	26510422	6	0
C1608	PF07686	6	41158506	41350887	4	1
C1609	PF07686	7	100352176	100400099	2	0
C1610	PF07686	5	156919282	157142869	3	1
C1611	PF07686	19	44643798	44889228	4	3
C1612	PF07686	19	35030684	35869287	3	40
C1613	PF07686	19	41549518	41811553	7	0
C1614	PF07686	1	116574399	117210960	5	2
C1615	PF07686	1	156619294	156659532	2	0
C1616	PF07686	1	159854316	161309972	9	45
C1617	PF07686	1	206904386	206970625	3	0
C1618	PF07686	11	119308529	119729084	2	6
C1619	PF07686	11	118133377	118264536	5	0
C1620	PF07686	11	124747472	124936412	3	5
C1621	PF07686	15	88803443	88895626	2	0
C1622	PF07686	17	74466416	74712978	6	1
C1623	PF07686	19	19211973	19262796	2	0
C1624	PF07686	11	122838500	123655244	3	4
C1625	PF07686	19	42507304	43639839	13	13
C1626	PF07687	3	51974706	51989202	2	2
C1627	PF07687	18	74495816	74587212	2	0
C1628	PF07690	17	7036075	7043923	2	0
C1629	PF07690	6	111087503	111271167	2	0
C1630	PF07690	6	25754699	25930726	4	0
C1631	PF07690	11	63079940	63410294	3	1
C1632	PF07690	11	57406954	57515786	2	2
C1633	PF07690	1	205568885	205680459	2	1
C1634	PF07690	17	4433688	4539035	2	1
C1635	PF07700	4	155666711	155807591	2	0
C1636	PF07701	4	155666711	155807591	2	0
C1637	PF07703	6	31982024	32035418	2	2
C1638	PF07703	12	8822472	9208370	3	3
C1639	PF07707	3	183487531	183684477	2	0
C1640	PF07707	2	169509702	169776989	2	5
C1641	PF07707	17	41835685	41865431	2	1
C1642	PF07707	13	41127569	41194566	2	0
C1643	PF07714	4	48066393	48269864	2	0
C1644	PF07714	9	35605305	35809732	2	12
C1645	PF07714	6	117288300	117573571	2	2
C1646	PF07714	5	150053291	150155872	2	0
C1647	PF07714	4	53377839	55125589	4	4
C1648	PF07714	3	134065303	135260467	2	4
C1649	PF07714	1	22563564	22921500	2	3
C1650	PF07714	15	41503638	41583586	2	1
C1651	PF07714	1	74198235	74544428	2	2
C1652	PF07714	1	156815640	156881850	2	1
C1653	PF07714	20	63528001	63547504	2	0
C1654	PF07714	13	28003274	28495128	2	1
C1655	PF07714	12	53423855	53500063	2	2
C1656	PF07716	19	33299934	33382686	2	0
C1657	PF07748	19	12643831	12666742	2	1
C1658	PF07782	1	155018520	155050930	2	2
C1659	PF07787	3	14124940	14148252	2	1
C1660	PF07810	16	18983934	19499113	2	5
C1661	PF07810	17	78110458	78142968	2	0
C1662	PF07859	1	12644547	12728759	2	0
C1663	PF07859	3	151733916	151828488	2	0
C1664	PF07884	16	31083439	31095980	2	2
C1665	PF07885	6	39188973	39322968	3	0
C1666	PF07946	17	63702845	63776351	2	2
C1667	PF07965	17	47253846	47344292	2	1
C1668	PF07966	11	1734821	1764573	2	1
C1669	PF07966	11	61203307	61251448	3	0
C1670	PF07973	17	42950526	42980528	2	1
C1671	PF07974	17	47253846	47344292	2	1
C1672	PF07978	9	104747688	104777457	2	0
C1673	PF07992	15	45587351	45691294	2	1
C1674	PF08016	1	84925583	85048499	2	1
C1675	PF08022	15	45092650	45165576	2	2
C1676	PF08030	15	45092650	45165576	2	2
C1677	PF08081	Y	21511338	22417881	6	1
C1678	PF08152	10	68901278	68985073	2	0
C1679	PF08205	19	44643798	44889228	3	4
C1680	PF08205	19	35292125	35869287	4	28
C1681	PF08205	11	119308529	119729084	2	6
C1682	PF08205	3	112815709	112975122	2	0
C1683	PF08205	9	5450503	5571254	2	0
C1684	PF08210	22	38952741	39104067	7	0
C1685	PF08240	4	99070978	99435737	7	0
C1686	PF08246	1	150730196	150808323	2	0
C1687	PF08266	5	140786136	141969741	55	11
C1688	PF08321	19	46346994	46601200	2	5
C1689	PF08357	3	9902612	9933630	2	0
C1690	PF08391	12	10010627	10172138	2	5
C1691	PF08423	17	35011349	35121522	2	1
C1692	PF08434	1	86424086	86580754	3	0
C1693	PF08441	5	52787896	53094779	2	1
C1694	PF08441	16	31259990	31426505	3	0
C1695	PF08444	11	58640426	59094786	4	0
C1696	PF08447	7	17298622	17467234	2	0
C1697	PF08466	17	21376197	21704612	2	1
C1698	PF08487	10	7559270	7749520	2	0
C1699	PF08487	3	52777592	52831479	3	1
C1700	PF08515	2	157526767	157875862	2	0
C1701	PF08515	12	51906908	51997078	2	0
C1702	PF08516	8	24294040	24526970	2	1
C1703	PF08516	8	38996869	39838289	4	0
C1704	PF08516	14	70452157	70535015	2	0
C1705	PF08526	1	17066761	17401699	5	1
C1706	PF08527	1	17066761	17401699	5	1
C1707	PF08539	22	44668547	44862706	2	1
C1708	PF08562	6	49692358	49877096	3	1
C1709	PF08571	18	47134656	47176374	2	1
C1710	PF08669	3	49416775	49429314	2	1
C1711	PF08699	1	35808172	36072500	3	0
C1712	PF08702	4	154562956	154612967	3	0
C1713	PF08711	18	46962768	47035621	4	2
C1714	PF08711	19	16479067	16629062	2	5
C1715	PF08711	1	23381061	23762059	2	5
C1716	PF08725	17	47253846	47344292	2	1
C1717	PF08736	2	119759631	120179119	2	0
C1718	PF08742	11	1012821	1262172	3	0
C1719	PF08758	18	30990008	31162856	3	0
C1720	PF08840	14	73537114	73619888	4	1
C1721	PF08953	16	4340251	4425705	2	2
C1722	PF08976	18	3247481	3278284	2	0
C1723	PF08997	19	1578339	1605490	2	1
C1724	PF09042	2	178525989	178830802	2	1
C1725	PF09162	X	101832112	102463274	3	5
C1726	PF09240	5	55851379	55994993	2	1
C1727	PF09240	X	1268800	1382689	2	0
C1728	PF09279	20	8077251	9481242	2	0
C1729	PF09294	6	136999971	137173648	2	0
C1730	PF09294	21	33229901	33479348	5	1
C1731	PF09303	3	178272932	178844429	2	0
C1732	PF09310	11	111245805	111455630	3	0
C1733	PF09336	16	69299682	69326939	2	3
C1734	PF09341	X	154477769	154653579	4	6
C1735	PF09379	2	119759631	120179119	2	0
C1736	PF09379	9	109171975	109498313	2	0
C1737	PF09380	2	119759631	120179119	2	0
C1738	PF09380	9	109171975	109498313	2	0
C1739	PF09443	2	130521197	130599575	2	2
C1740	PF09514	X	52644090	52790305	3	0
C1741	PF09514	X	48186220	48411910	5	0
C1742	PF09791	1	54132686	54200073	2	2
C1743	PF09801	20	45361937	45410610	2	2
C1744	PF09803	19	7629737	7643048	2	2
C1745	PF09805	22	37681673	37726503	2	1
C1746	PF09848	17	35243036	35448837	3	1
C1747	PF10037	5	72219409	72368395	2	0
C1748	PF10075	19	38374536	38636955	2	6
C1749	PF10148	3	159069433	159897360	3	1
C1750	PF10149	16	75528532	75556286	2	1
C1751	PF10167	19	19145567	19192591	2	2
C1752	PF10190	16	75412684	75465497	2	1
C1753	PF10204	15	45114321	45129938	2	2
C1754	PF10206	7	99419749	99466331	2	2
C1755	PF10220	17	59197566	59215247	2	1
C1756	PF10231	14	103562962	103685924	2	1
C1757	PF10246	8	79918717	80080775	2	1
C1758	PF10251	19	35745114	35754519	2	3
C1759	PF10294	8	12182096	12436343	2	1
C1760	PF10294	12	57771492	57787046	2	2
C1761	PF10294	17	76726830	76738522	2	2
C1762	PF10354	11	111786286	111881243	2	2
C1763	PF10421	12	112906777	113011723	3	0
C1764	PF10486	17	8802723	8965712	2	0
C1765	PF10487	9	128941478	129007096	2	3
C1766	PF10520	20	50081124	50153734	2	1
C1767	PF10557	6	43037617	43224587	2	4
C1768	PF10558	22	30409255	30429053	2	2
C1769	PF10569	6	31982024	32035418	2	2
C1770	PF10569	12	8822472	9208370	3	3
C1771	PF10574	15	89834308	89912956	2	1
C1772	PF10584	7	42909273	42932223	2	2
C1773	PF10584	11	14493783	14643635	2	1
C1774	PF10630	8	7539628	7781413	2	0
C1775	PF10630	3	139005468	139044892	3	1
C1776	PF11002	19	55759014	55773179	2	0
C1777	PF11002	22	32190435	32361161	2	3
C1778	PF11069	21	32578822	32612866	2	1
C1779	PF11232	19	49818279	49860744	2	1
C1780	PF11357	7	102347206	102661398	3	12
C1781	PF11365	6	127438406	127519191	2	1
C1782	PF11461	12	123410683	123533718	2	1
C1783	PF11515	6	43037617	43224587	2	4
C1784	PF11759	21	30479699	31038476	14	9
C1785	PF11838	5	96760810	97037515	3	1
C1786	PF11933	2	165087522	165392732	2	0
C1787	PF11933	2	165989160	166375993	2	0
C1788	PF11938	12	56285916	56316336	2	2
C1789	PF11977	14	24398786	24441834	2	2
C1790	PF12001	9	38540569	38620660	2	0
C1791	PF12001	17	16689537	16804453	2	0
C1792	PF12018	6	87407983	87511634	2	1
C1793	PF12020	3	68004216	68953297	2	0
C1794	PF12037	1	1449689	1534687	3	0
C1795	PF12052	2	151802651	152099475	2	1
C1796	PF12062	10	73796514	73811798	2	1
C1797	PF12067	8	10723768	10839847	2	1
C1798	PF12301	X	2691179	2815927	2	0
C1799	PF12352	17	46923117	47047154	2	1
C1800	PF12400	3	52833121	52897596	2	2
C1801	PF12409	3	193274790	193593111	2	1
C1802	PF12417	7	149126416	149497817	6	0
C1803	PF12440	X	26138343	26195646	3	0
C1804	PF12440	X	30215560	30252038	4	0
C1805	PF12440	X	149581653	149885835	4	3
C1806	PF12440	X	151912509	152138578	2	1
C1807	PF12440	X	152698752	153183880	6	7
C1808	PF12443	1	108815898	108963484	2	2
C1809	PF12480	7	128672266	128731743	3	0
C1810	PF12534	1	89524836	89936611	4	0
C1811	PF12661	16	69950705	70187361	2	2
C1812	PF12661	6	32041154	32224067	2	12
C1813	PF12662	11	65538805	65873592	2	15
C1814	PF12662	20	23045633	23086340	2	0
C1815	PF12689	14	24213937	24232352	2	1
C1816	PF12697	3	51968510	51989183	3	2
C1817	PF12698	17	68867292	69327244	5	0
C1818	PF12721	14	24332310	24340045	2	1
C1819	PF12796	2	130074030	130658091	3	11
C1820	PF12796	2	196967017	197311173	2	0
C1821	PF12796	2	235494089	236264409	2	1
C1822	PF12796	2	238100157	238452250	2	6
C1823	PF12796	22	37830855	38205690	2	9
C1824	PF12796	5	75068275	75671846	2	3
C1825	PF12796	5	140401814	140549569	2	2
C1826	PF12796	7	151085831	151187832	2	1
C1827	PF12796	7	117363222	118496171	3	2
C1828	PF12796	7	142871203	142933808	2	0
C1829	PF12796	2	96824526	97589965	4	4
C1830	PF12796	8	144428775	144502121	2	3
C1831	PF12796	9	137300482	137870016	2	9
C1832	PF12796	X	15235288	15315656	2	0
C1833	PF12796	6	31879759	32224067	2	24
C1834	PF12796	2	53532672	53860160	2	3
C1835	PF12796	1	1418420	1630610	2	9
C1836	PF12796	19	35887653	36033343	2	6
C1837	PF12796	1	74198235	74544428	2	2
C1838	PF12796	1	145866560	145964582	2	5
C1839	PF12796	10	5638867	5889906	2	2
C1840	PF12796	10	45825594	46358714	2	4
C1841	PF12796	2	8725278	9405683	2	2
C1842	PF12796	14	18967434	19434341	2	1
C1843	PF12796	12	56237807	56488414	2	12
C1844	PF12796	15	21408243	21877703	2	2
C1845	PF12796	15	100602534	101078254	2	3
C1846	PF12796	17	3510502	3609411	2	3
C1847	PF12796	17	29573469	29614761	2	1
C1848	PF12796	18	14507339	14852738	2	0
C1849	PF12796	18	23598926	24397880	2	3
C1850	PF12796	14	103733752	104115581	2	3
C1851	PF12799	17	17972813	18258916	2	6
C1852	PF12874	19	56189570	56393545	4	1
C1853	PF12874	19	57535257	57889074	2	18
C1854	PF12874	19	52527652	53354869	10	13
C1855	PF12874	20	51782331	52204308	2	0
C1856	PF12874	11	129899706	130314686	2	2
C1857	PF12874	11	62559603	62592177	2	1
C1858	PF12874	19	43967862	44305046	3	10
C1859	PF12881	10	79703227	79850878	2	0
C1860	PF12881	10	87225448	87370695	2	0
C1861	PF12937	1	11654375	11674354	2	1
C1862	PF12937	10	101354033	101695295	2	2
C1863	PF13176	3	132558142	132722459	2	3
C1864	PF13181	10	89283694	89421001	5	1
C1865	PF13181	17	41930635	42021376	2	2
C1866	PF13181	22	40824535	41360147	2	7
C1867	PF13193	16	20409534	20797581	5	2
C1868	PF13246	1	160115759	160186977	2	0
C1869	PF13306	1	89524836	89769903	2	1
C1870	PF13306	2	48632291	49154537	3	2
C1871	PF13307	20	63657810	63698684	2	2
C1872	PF13330	11	1157953	1262172	2	0
C1873	PF13365	11	59107185	59155039	2	0
C1874	PF13374	14	103561896	103714249	2	3
C1875	PF13393	5	140673173	140699291	2	3
C1876	PF13402	7	143620950	143902198	3	1
C1877	PF13405	18	3247481	3278284	2	0
C1878	PF13415	22	20429241	20495883	2	1
C1879	PF13417	10	104235356	104304945	2	0
C1880	PF13418	14	49693105	49786385	2	1
C1881	PF13424	3	132558142	132722459	2	3
C1882	PF13424	10	89327894	89421001	4	1
C1883	PF13424	14	103561896	103714249	2	3
C1884	PF13432	8	61500556	61714640	2	1
C1885	PF13445	7	72959485	73328082	2	1
C1886	PF13445	11	5596109	5938619	4	11
C1887	PF13445	17	7913324	8397826	2	26
C1888	PF13445	3	160227454	160485773	2	3
C1889	PF13465	19	9324174	9793180	3	9
C1890	PF13465	19	36445119	37469275	5	15
C1891	PF13465	17	15699577	15744783	2	1
C1892	PF13499	9	128068201	128633662	2	16
C1893	PF13499	2	68131238	68261230	2	2
C1894	PF13499	2	46901870	47176601	2	3
C1895	PF13499	2	26581202	27119115	2	10
C1896	PF13499	6	42155406	42194916	2	1
C1897	PF13499	11	67452406	67524517	2	5
C1898	PF13499	10	5498697	5526771	2	0
C1899	PF13499	1	39081316	39691689	2	4
C1900	PF13499	14	89794669	90408261	2	4
C1901	PF13516	19	54923509	55001142	2	0
C1902	PF13516	3	52221080	52231190	2	1
C1903	PF13516	3	169793428	169869930	2	1
C1904	PF13516	8	144355431	144525178	3	14
C1905	PF13516	12	91050491	91111831	2	0
C1906	PF13516	16	67207139	67657569	2	15
C1907	PF13516	19	55708432	56061813	6	3
C1908	PF13520	19	32830509	33225850	2	6
C1909	PF13520	14	22773222	23183674	2	17
C1910	PF13540	4	88378739	88708542	2	4
C1911	PF13561	4	103019868	103099883	2	0
C1912	PF13561	14	23630115	24006408	3	0
C1913	PF13606	2	53532672	53860160	2	3
C1914	PF13621	15	41828085	41848155	2	2
C1915	PF13637	1	1418420	1630610	2	9
C1916	PF13637	15	64841883	64958700	2	1
C1917	PF13637	2	196967017	197311173	2	0
C1918	PF13637	22	37830855	38205690	2	9
C1919	PF13637	6	31546870	31666283	2	13
C1920	PF13639	16	74621394	75110994	2	3
C1921	PF13639	7	122697712	122702967	2	1
C1922	PF13646	16	67518418	67546788	2	0
C1923	PF13649	7	73683025	73842535	2	5
C1924	PF13656	7	102473118	102671641	4	8
C1925	PF13671	13	32400723	32538885	2	0
C1926	PF13671	11	62690275	62727384	2	2
C1927	PF13676	5	115578642	115626161	2	1
C1928	PF13695	3	187197486	187702557	3	2
C1929	PF13716	22	44702233	44862788	2	1
C1930	PF13765	11	4384897	4608259	2	6
C1931	PF13765	17	15571491	15684311	2	2
C1932	PF13765	19	55759014	55773179	2	0
C1933	PF13765	22	32190435	32361161	2	3
C1934	PF13765	4	188091273	188147743	2	0
C1935	PF13765	5	180899077	181235809	5	2
C1936	PF13765	6	25962802	26510422	6	35
C1937	PF13765	6	30070266	30346854	6	4
C1938	PF13772	7	30496621	30550761	2	0
C1939	PF13812	7	99416739	99466197	2	3
C1940	PF13831	9	6720863	7175648	3	0
C1941	PF13832	9	6720863	7175648	3	0
C1942	PF13833	1	223538007	223776018	2	0
C1943	PF13833	1	236686454	237833988	2	2
C1944	PF13833	9	128068201	128633662	2	16
C1945	PF13833	14	89794669	90408261	2	4
C1946	PF13836	22	22484421	22520270	2	0
C1947	PF13840	22	30285117	30299482	2	1
C1948	PF13841	20	31303212	31476757	6	1
C1949	PF13841	20	87250	261096	6	0
C1950	PF13841	11	71833200	71884561	2	1
C1951	PF13841	8	7470308	7841242	8	2
C1952	PF13841	6	49946101	50048651	5	0
C1953	PF13841	8	11982321	11996312	2	0
C1954	PF13843	10	49455368	49539538	2	0
C1955	PF13847	10	124617080	124791870	2	2
C1956	PF13851	16	90019629	90044975	2	1
C1957	PF13853	15	101805699	101923095	3	0
C1958	PF13853	16	3204247	3357294	2	5
C1959	PF13853	17	3062669	3433841	10	0
C1960	PF13853	17	58155133	58170579	2	0
C1961	PF13853	19	8730954	9252479	8	4
C1962	PF13853	19	14792490	15088221	6	3
C1963	PF13853	19	15728020	15949958	5	2
C1964	PF13853	2	240028965	240046072	2	1
C1965	PF13853	6	29044213	29589038	11	3
C1966	PF13853	5	180739042	181368262	4	9
C1967	PF13853	6	27911185	27958182	2	0
C1968	PF13853	7	143026158	143053347	2	0
C1969	PF13853	7	143935166	144319057	10	3
C1970	PF13853	9	35869263	35958154	2	2
C1971	PF13853	9	104504263	104695462	8	0
C1972	PF13853	9	122476958	122801073	13	1
C1973	PF13853	3	98087173	98498663	10	1
C1974	PF13853	15	21637909	22095556	4	1
C1975	PF13853	11	49952391	49982535	2	0
C1976	PF13853	14	19712936	20641691	17	14
C1977	PF13853	1	69091	686654	3	2
C1978	PF13853	1	158398522	158777635	12	1
C1979	PF13853	1	159313670	159536007	3	0
C1980	PF13853	1	247451029	248682304	40	2
C1981	PF13853	14	21154865	21666024	4	8
C1982	PF13853	11	6767987	6922043	8	0
C1983	PF13853	11	7795905	7939594	3	0
C1984	PF13853	11	48216792	48489780	6	0
C1985	PF13853	11	4449295	6200259	50	17
C1986	PF13853	11	54603069	54707832	2	0
C1987	PF13853	11	55343201	56989867	39	1
C1988	PF13853	11	58023881	58508105	12	0
C1989	PF13853	11	59364412	59713864	8	2
C1990	PF13853	11	123753488	124571142	21	2
C1991	PF13853	12	48202083	48529897	2	4
C1992	PF13853	12	55129681	55637854	15	0
C1993	PF13855	X	12867083	12923169	2	0
C1994	PF13855	9	92383967	92536655	4	1
C1995	PF13855	4	38772239	38856817	3	0
C1996	PF13855	3	194339765	194398354	3	0
C1997	PF13855	3	52221080	52231190	2	1
C1998	PF13855	17	50375059	50468966	2	2
C1999	PF13855	17	46292733	46555650	2	4
C2000	PF13855	17	17972813	18258916	2	6
C2001	PF13855	15	74100311	74176872	2	0
C2002	PF13855	13	46211943	46753040	2	1
C2003	PF13855	16	1790413	2135898	2	19
C2004	PF13855	12	90963679	91183123	4	0
C2005	PF13855	11	76657524	76798154	2	0
C2006	PF13855	11	57181747	57477534	2	8
C2007	PF13855	10	84220495	84241461	2	0
C2008	PF13855	1	203340628	203508864	3	0
C2009	PF13855	1	89524836	89936611	3	1
C2010	PF13855	1	69568398	70205620	2	0
C2011	PF13857	1	1292376	1630610	2	19
C2012	PF13857	22	37830855	38205690	2	9
C2013	PF13877	17	44899142	44905390	2	2
C2014	PF13885	21	44538981	44698044	14	3
C2015	PF13885	11	1597177	1622138	2	1
C2016	PF13885	17	41046541	41309253	25	1
C2017	PF13893	19	38817471	38852347	2	1
C2018	PF13894	19	36534774	36772825	2	3
C2019	PF13894	8	143246821	143276403	2	1
C2020	PF13894	7	64045443	64354860	3	1
C2021	PF13894	5	178711592	179035064	2	4
C2022	PF13894	19	56774552	58573575	13	64
C2023	PF13894	19	55591371	55645622	4	3
C2024	PF13894	19	42068477	42228201	2	3
C2025	PF13894	19	19668796	19894674	2	2
C2026	PF13894	16	3088890	3318852	2	7
C2027	PF13894	19	9140380	9621399	7	7
C2028	PF13894	19	2841435	2944971	4	0
C2029	PF13894	18	76358190	76970727	2	0
C2030	PF13894	17	15699577	15744783	2	1
C2031	PF13894	14	21090046	21537216	2	10
C2032	PF13894	12	53180700	53416446	2	10
C2033	PF13894	1	247099962	247172016	2	0
C2034	PF13894	19	11721265	12640098	22	10
C2035	PF13895	19	44699151	44821420	2	2
C2036	PF13895	2	102064544	102452565	3	2
C2037	PF13895	19	54040825	55038264	19	21
C2038	PF13895	19	51142299	51646801	4	16
C2039	PF13895	19	42507304	43269530	12	0
C2040	PF13895	1	157513377	157820105	5	0
C2041	PF13895	17	64319415	64468643	2	0
C2042	PF13895	1	161505430	161728143	6	1
C2043	PF13895	1	160678746	160862855	2	2
C2044	PF13895	1	159289714	159816251	2	6
C2045	PF13895	19	41549518	41772208	3	3
C2046	PF13898	7	30771417	30923812	2	2
C2047	PF13899	7	16791811	16881987	2	0
C2048	PF13903	19	53909335	54012669	2	1
C2049	PF13909	1	32465057	32600792	2	2
C2050	PF13912	2	95147330	95259774	2	2
C2051	PF13912	3	40477113	40574685	3	0
C2052	PF13912	3	169083499	169789716	2	2
C2053	PF13912	4	53285	499156	5	0
C2054	PF13912	19	55600022	58475436	40	64
C2055	PF13912	5	178711592	179083537	5	2
C2056	PF13912	6	27374615	27473118	2	0
C2057	PF13912	6	28141910	28443502	7	4
C2058	PF13912	7	149102784	149773479	5	4
C2059	PF13912	7	64045443	65401135	8	4
C2060	PF13912	7	99472841	100041689	3	14
C2061	PF13912	8	144330565	144950888	5	24
C2062	PF13912	9	96385941	96875623	2	4
C2063	PF13912	9	112997120	113056759	2	0
C2064	PF13912	X	153334155	153426481	2	1
C2065	PF13912	19	51889224	53580269	27	17
C2066	PF13912	7	6637322	6706923	2	0
C2067	PF13912	19	43596392	44448578	10	20
C2068	PF13912	3	44431720	44737083	6	3
C2069	PF13912	19	39984134	40090938	3	0
C2070	PF13912	19	42068477	42228201	2	3
C2071	PF13912	1	40450102	40548169	2	2
C2072	PF13912	1	246945547	247104372	3	1
C2073	PF13912	11	129899706	130314686	2	2
C2074	PF13912	16	3088890	3443542	4	11
C2075	PF13912	16	30378106	30535347	5	6
C2076	PF13912	16	31060843	31084196	2	2
C2077	PF13912	17	15699577	15744783	2	1
C2078	PF13912	12	132918308	133159465	6	2
C2079	PF13912	18	35251058	35345482	2	1
C2080	PF13912	19	2819874	2944971	4	1
C2081	PF13912	19	8806170	9793180	13	11
C2082	PF13912	19	11559374	12640098	26	8
C2083	PF13912	19	36334453	37817300	21	9
C2084	PF13912	19	19710471	23945159	32	4
C2085	PF13912	19	34677639	34964049	4	1
C2086	PF13912	17	16551387	16653856	2	0
C2087	PF13913	5	122129513	122183949	2	0
C2088	PF13920	17	35005990	35121493	2	2
C2089	PF13920	11	102317450	102378670	2	0
C2090	PF13923	10	22316388	22331484	2	1
C2091	PF13923	18	32018372	32131561	2	1
C2092	PF13927	15	73051710	73714518	3	2
C2093	PF13927	19	44501677	44821420	2	6
C2094	PF13927	19	42507304	43639839	10	16
C2095	PF13927	19	41219203	41772208	4	14
C2096	PF13927	19	35292125	35869287	4	28
C2097	PF13927	5	150053291	150155872	2	0
C2098	PF13927	15	65194758	65423072	3	1
C2099	PF13927	19	51311848	51501789	3	9
C2100	PF13927	11	125955796	127003460	2	7
C2101	PF13927	1	157745733	158100262	3	1
C2102	PF13927	1	159171609	159945604	5	12
C2103	PF13927	1	160995211	161089599	2	5
C2104	PF13927	11	131370478	134152001	4	2
C2105	PF13927	11	119308529	119729084	2	6
C2106	PF13927	11	124747472	124936412	5	3
C2107	PF13927	1	204828651	205078499	2	0
C2108	PF14047	3	109293788	109337572	2	0
C2109	PF14048	19	7018969	7058640	5	0
C2110	PF14049	3	109293788	109337572	2	0
C2111	PF14138	14	70325081	70417074	2	1
C2112	PF14260	19	50384204	50428409	2	1
C2113	PF14291	1	34986165	35115859	2	1
C2114	PF14478	11	59829268	59866575	2	0
C2115	PF14497	1	109656081	109709039	2	1
C2116	PF14497	6	52750089	52995378	4	1
C2117	PF14575	1	22563564	22921500	2	3
C2118	PF14604	17	38869859	39225872	2	6
C2119	PF14604	22	21383374	21551461	2	3
C2120	PF14636	5	131425891	131797063	2	1
C2121	PF14642	4	76214040	76311129	2	1
C2122	PF14650	9	81928514	81995256	3	0
C2123	PF14650	9	34723055	35045991	2	3
C2124	PF14650	9	60914374	61196280	2	0
C2125	PF14653	19	46039748	46231243	4	0
C2126	PF14654	6	30983718	31035402	2	0
C2127	PF14670	12	6988259	7092607	2	3
C2128	PF14670	13	113122814	113172383	2	0
C2129	PF14672	1	152510844	152827894	17	4
C2130	PF14698	7	66075798	66152277	2	1
C2131	PF14699	1	99850084	99924023	2	0
C2132	PF14701	1	99850084	99924023	2	0
C2133	PF14702	1	99850084	99924023	2	0
C2134	PF14707	X	2903970	3112726	4	0
C2135	PF14735	14	22946228	22982258	2	1
C2136	PF14740	19	55154757	55166722	2	1
C2137	PF14748	1	225886696	225924340	2	1
C2138	PF14779	11	66509079	66533627	2	2
C2139	PF14798	6	116461370	116558868	3	1
C2140	PF14798	10	103446786	103479240	3	0
C2141	PF14820	1	153039725	153150869	6	0
C2142	PF14845	15	72284727	72376476	2	2
C2143	PF14857	6	44270466	44378957	2	3
C2144	PF14893	X	152988824	153401420	5	2
C2145	PF14893	19	46410372	46496498	4	1
C2146	PF14901	12	55757275	55830824	2	3
C2147	PF14904	8	12182096	12436343	2	1
C2148	PF14914	17	46292733	46555650	2	4
C2149	PF14915	2	97113496	97589965	2	0
C2150	PF14915	2	130074030	130658091	3	11
C2151	PF14915	15	21408243	21877703	2	2
C2152	PF14915	17	16689537	16804453	2	0
C2153	PF14938	X	154886349	155458672	3	9
C2154	PF14942	6	7881522	8064414	2	2
C2155	PF14948	2	219289623	219333177	2	0
C2156	PF14949	5	116022391	116060118	2	1
C2157	PF14999	10	133420666	133569835	2	2
C2158	PF15014	13	76990660	77129589	2	2
C2159	PF15037	3	9902612	9933630	2	0
C2160	PF15038	19	17435509	17460804	2	1
C2161	PF15047	12	14803572	14906586	2	2
C2162	PF15058	8	144012414	144063965	2	1
C2163	PF15070	15	23354748	23447234	2	0
C2164	PF15070	15	28378621	28738384	3	0
C2165	PF15070	15	30083053	30614561	5	1
C2166	PF15070	15	32392782	32607310	3	0
C2167	PF15070	15	34379068	34588503	2	0
C2168	PF15070	15	75258558	75295530	2	0
C2169	PF15070	15	82339998	82439153	2	0
C2170	PF15118	X	134990938	135428074	3	9
C2171	PF15119	19	44942238	44949565	2	1
C2172	PF15132	16	87083562	87334273	2	2
C2173	PF15155	4	6640091	6709880	2	1
C2174	PF15156	15	68184032	68257211	2	2
C2175	PF15157	3	158962928	159896774	2	2
C2176	PF15177	19	39243553	39298673	3	0
C2177	PF15178	9	37512547	37592642	2	2
C2178	PF15190	14	93184951	93218586	2	2
C2179	PF15193	10	122849078	122913111	2	1
C2180	PF15200	19	35487324	35513658	2	0
C2181	PF15206	20	56517187	56536520	2	2
C2182	PF15227	1	228393673	228416861	2	0
C2183	PF15227	11	4384897	4608259	2	6
C2184	PF15227	11	5596725	5737089	3	4
C2185	PF15227	11	89797655	90042025	4	2
C2186	PF15227	19	55759014	55773179	2	0
C2187	PF15227	22	32190435	32361161	2	3
C2188	PF15227	4	164954446	165041744	2	1
C2189	PF15227	5	181193924	181261139	3	1
C2190	PF15227	6	30070266	30346854	6	4
C2191	PF15227	6	112236806	112351296	2	1
C2192	PF15231	X	7842262	8466510	3	1
C2193	PF15231	Y	13985772	14056958	2	0
C2194	PF15240	12	10824960	11501041	8	12
C2195	PF15277	4	55819819	55905034	2	0
C2196	PF15300	X	135520659	135913061	11	0
C2197	PF15304	9	109780309	110172512	2	1
C2198	PF15313	17	45148502	45170040	2	0
C2199	PF15314	10	133309410	133352683	2	3
C2200	PF15328	15	57591908	57782762	2	1
C2201	PF15330	17	74466416	74712978	2	5
C2202	PF15332	20	63708864	63740398	3	2
C2203	PF15363	1	92080305	92184725	2	0
C2204	PF15364	16	29815952	29830627	2	2
C2205	PF15371	9	81928514	81995256	3	0
C2206	PF15371	9	34723055	34895778	2	0
C2207	PF15371	9	60914374	61196280	2	0
C2208	PF15372	13	36168794	36297842	2	1
C2209	PF15423	16	2883186	2951208	2	0
C2210	PF15429	1	162365407	162386818	2	2
C2211	PF15441	7	144186083	144380632	2	4
C2212	PF15483	X	71667542	71767204	3	0
C2213	PF15490	17	75979220	76005999	2	3
C2214	PF15494	11	117900643	118121890	2	3
C2215	PF15511	1	149832659	149861210	2	4
C2216	PF15511	6	26021679	26285638	7	25
C2217	PF15511	6	27824108	27873510	3	5
C2218	PF15549	X	52891306	52995472	2	0
C2219	PF15552	8	22589274	22604150	2	1
C2220	PF15621	4	70360761	70410194	3	0
C2221	PF15623	X	120872603	120985788	14	0
C2222	PF15630	1	10430102	10452153	2	1
C2223	PF15670	17	7420360	7432762	3	0
C2224	PF15682	3	52813282	52897562	3	2
C2225	PF15694	19	16479067	16629062	2	5
C2226	PF15705	12	128267403	129903666	2	2
C2227	PF15706	12	128267403	129903666	2	2
C2228	PF15708	13	57140918	57170218	5	0
C2229	PF15709	2	202073289	202205203	2	0
C2230	PF15715	15	64181180	64387687	2	1
C2231	PF15722	5	177707981	178055559	2	1
C2232	PF15747	11	114391443	114400550	2	1
C2233	PF15761	19	38289151	38305009	2	1
C2234	PF15779	17	46292733	46555650	2	4
C2235	PF15790	12	131949920	132131639	2	0
C2236	PF15791	X	72777009	72943814	2	4
C2237	PF15820	5	139442316	139462743	2	1
C2238	PF15840	17	46274784	46579682	2	4
C2239	PF15867	17	44899142	44905390	2	2
C2240	PF15897	1	16539066	16734461	3	1
C2241	PF15903	6	24804282	25041926	2	1
C2242	PF15903	16	67518418	67546788	2	0
C2243	PF15910	2	203706475	203961577	2	1
C2244	PF15936	8	22578279	22602084	2	1
C2245	PF15974	5	140786136	141512981	37	20
C2246	PF16005	6	73209746	73395133	6	1
C2247	PF16070	12	128267403	129903666	2	2
C2248	PF16088	10	102854223	102901899	2	1
C2249	PF16196	6	32439842	33080775	6	14
C2250	PF16207	10	22316388	22331484	2	1
C2251	PF16208	12	52232520	52949954	25	1
C2252	PF16211	1	149842188	149887916	4	4
C2253	PF16211	6	25726132	26217483	6	26
C2254	PF16211	6	27133042	27147515	2	2
C2255	PF16211	6	27808199	27893149	5	9
C2256	PF16218	5	14581775	14699711	2	0
C2257	PF16297	X	135020504	135052196	3	0
C2258	PF16300	16	4340251	4425705	2	2
C2259	PF16320	17	81703357	81720539	2	1
C2260	PF16366	15	82540032	82648861	2	1
C2261	PF16367	15	82540032	82648861	2	1
C2262	PF16368	15	82540032	82648861	2	1
C2263	PF16454	1	46040140	46176488	2	2
C2264	PF16454	19	18153118	18178117	2	1
C2265	PF16486	1	35808172	36072500	3	0
C2266	PF16487	1	35808172	36072500	3	0
C2267	PF16488	1	35808172	36072500	3	0
C2268	PF16489	19	14147743	14690027	2	10
C2269	PF16492	5	140834248	141512981	41	16
C2270	PF16497	1	158179947	158357553	5	0
C2271	PF16564	19	7018969	7058640	5	0
C2272	PF16644	2	102473303	102711318	2	0
C2273	PF16678	14	24146683	24167402	2	2
C2274	PF16680	11	118338954	118355161	2	0
C2275	PF16863	7	141907813	142222324	2	3
C2276	PF16864	X	1403139	1643081	2	2
C2277	PF16878	2	44941898	45009430	2	0
C2278	PF16878	14	60508951	60724348	3	1
C2279	PF16884	9	111549773	111599855	2	1
C2280	PF16884	14	73851844	73932278	2	2
C2281	PF16906	17	8368638	8383213	2	1
C2282	PF16953	14	35121846	35317474	2	2
C2283	PF16959	X	15561033	15665031	2	0
C2284	PF16975	2	149038107	149474148	2	0
C2285	PF17039	19	5830610	5870540	3	1
C2286	PF17048	10	50182778	50816495	2	2
C2287	PF17177	7	99416739	99466197	2	3
