ID	ACC	chr	start	end	n_features	n_bystanders
C1	PF00001	1	2044447	2136927	2	5
C2	PF00001	20	643973	679151	2	3
C3	PF00001	21	1735672	1771096	2	2
C4	PF00001	3	2398117	2414464	2	3
C5	PF00001	3	2578303	2590973	2	0
C6	PF00001	3	11960508	11979565	2	2
C7	PF00001	3	12257843	12265031	2	0
C8	PF00001	4	1687563	1770704	2	9
C9	PF00001	4	4564650	4577410	3	0
C10	PF00001	4	6042817	6086963	2	5
C11	PF00001	5	13216373	13275095	2	7
C12	PF00001	6	4647169	4665779	2	2
C13	PF00001	7	3080877	3138499	2	5
C14	PF00001	7	5863430	5915864	2	6
C15	PF00001	7	10412446	10457098	4	2
C16	PF00001	7	11607612	11672841	2	12
C17	PF00001	8	1022523	1030545	2	0
C18	PF00001	8	4189928	4199261	3	0
C19	PF00001	Un_random	102532482	102542746	2	2
C20	PF00001	Un_random	92364000	92406919	4	5
C21	PF00001	Un_random	88425899	88545488	4	4
C22	PF00001	Un_random	85467788	85500764	4	0
C23	PF00001	Un_random	83907183	83912764	2	0
C24	PF00001	Un_random	81249015	81326213	2	0
C25	PF00001	2	18213488	18224932	2	0
C26	PF00001	Un_random	77293433	77298613	2	0
C27	PF00001	Un_random	68294050	68447001	3	11
C28	PF00001	Un_random	60126508	60190724	2	5
C29	PF00001	Un_random	56576285	56586434	2	1
C30	PF00001	Un_random	36292822	36307323	2	1
C31	PF00001	Un_random	35266708	35328218	5	6
C32	PF00001	9	10275525	10361474	2	6
C33	PF00001	Un_random	70258269	70271567	3	0
C34	PF00001	2	16716047	16777768	8	0
C35	PF00001	Un_random	1601899	1606312	2	0
C36	PF00001	2	11338845	11416738	2	6
C37	PF00001	1	9030705	9073515	2	4
C38	PF00001	1	9506042	9555752	4	0
C39	PF00001	1	21445681	21461303	3	0
C40	PF00001	10	7926392	7935130	3	0
C41	PF00001	10	9895463	9959932	2	2
C42	PF00001	11	1823421	1855981	2	4
C43	PF00001	11	5969489	5972885	2	0
C44	PF00001	11	6955543	6970870	2	1
C45	PF00001	11	8654483	8659078	2	0
C46	PF00001	11	10118109	10124423	2	0
C47	PF00001	11	11903440	11913017	4	0
C48	PF00001	13	10485907	10540200	2	4
C49	PF00001	14	919913	930490	2	0
C50	PF00001	14	1025344	1076015	6	0
C51	PF00001	2	11621175	11677100	2	5
C52	PF00001	14	2319224	2336062	2	2
C53	PF00001	14	9351947	9360231	2	0
C54	PF00001	2	10210235	10225302	3	0
C55	PF00001	2	4809575	4827442	2	0
C56	PF00001	2	2603614	2666293	2	6
C57	PF00001	1_random	763692	848088	2	2
C58	PF00001	18	5003044	5084240	2	3
C59	PF00001	16	5822236	5863536	2	2
C60	PF00001	16	4603170	4610139	3	1
C61	PF00001	16	3781367	3784938	2	0
C62	PF00001	16	2250295	2472161	5	7
C63	PF00001	16	1313629	1323895	2	0
C64	PF00001	15_random	3072350	3129467	2	3
C65	PF00001	15	4640806	4709990	2	8
C66	PF00001	15	2493665	2583696	2	9
C67	PF00001	14	9604684	9668929	2	8
C68	PF00001	14	7945213	7955700	2	0
C69	PF00002	Un_random	39456378	39483227	2	2
C70	PF00002	15_random	1241527	1301648	2	1
C71	PF00002	Un_random	20600675	20626114	2	0
C72	PF00002	1	22911954	22923666	2	0
C73	PF00002	14	1009569	1105101	2	6
C74	PF00003	16	2512164	2602788	13	1
C75	PF00003	9	1374858	1394306	3	1
C76	PF00005	17	11164755	11176893	2	0
C77	PF00005	3	3803853	3822873	2	0
C78	PF00005	8	7707197	7728401	3	0
C79	PF00005	Un_random	92353046	92392096	2	7
C80	PF00008	3	1179790	1195725	5	0
C81	PF00008	Un_random	44681836	44743437	2	4
C82	PF00008	Un_random	34351844	34447830	3	10
C83	PF00008	Un_random	23896052	23997800	2	5
C84	PF00008	Un_random	22953842	22969783	2	0
C85	PF00008	7	10233349	10297100	2	4
C86	PF00008	5	11802163	11960112	2	0
C87	PF00008	4	7129064	7185745	2	4
C88	PF00008	Un_random	92208076	92291174	4	10
C89	PF00008	Un_random	58891670	58900662	2	0
C90	PF00008	20	1863986	2024654	2	6
C91	PF00008	18	11038394	11076795	2	2
C92	PF00008	17	4217248	4303406	2	0
C93	PF00008	15	5937571	6001474	2	0
C94	PF00008	15	534808	562693	2	4
C95	PF00008	14	2194883	2294449	2	3
C96	PF00008	12	4926487	5006918	3	1
C97	PF00008	10	4837749	4971141	2	5
C98	PF00008	1	20003006	20048387	2	3
C99	PF00008	1	14178567	14288983	2	7
C100	PF00008	2	8576546	8734588	4	10
C101	PF00009	21	515135	526902	3	0
C102	PF00009	Un_random	7769188	7775527	2	0
C103	PF00010	9	1320891	1327229	2	0
C104	PF00010	Un_random	21790240	21793816	2	0
C105	PF00010	9	1201425	1205840	2	0
C106	PF00010	Un_random	60422197	60430494	2	0
C107	PF00010	Un_random	93565162	93568999	2	0
C108	PF00010	Un_random	29220727	29227468	2	0
C109	PF00010	21_random	1535981	1538714	2	0
C110	PF00010	16	7658479	7663053	2	0
C111	PF00010	2	9425763	9434211	2	0
C112	PF00010	19	1910750	1916803	2	0
C113	PF00010	2	19556431	19603956	2	0
C114	PF00010	12	11329700	11354569	2	2
C115	PF00010	11	9431717	9485418	2	2
C116	PF00010	10	6118303	6135079	2	0
C117	PF00010	1	2141969	2161787	2	2
C118	PF00011	12	4291567	4298224	2	0
C119	PF00012	Un_random	79667673	79671661	2	0
C120	PF00012	7	1848269	1872320	2	3
C121	PF00013	17	10359425	10425455	2	2
C122	PF00017	Un_random	52196027	52234675	2	2
C123	PF00017	Un_random	50463605	50480630	2	0
C124	PF00017	8	7913820	7957162	2	3
C125	PF00017	4	1204895	1288863	2	4
C126	PF00017	3	13058332	13088544	2	0
C127	PF00017	21	873728	878813	2	0
C128	PF00017	2	20707362	20720193	2	0
C129	PF00017	18	9559706	9575851	2	1
C130	PF00017	18	9114794	9162235	2	5
C131	PF00017	10	8653301	8677300	2	1
C132	PF00017	1	22849191	22894868	2	3
C133	PF00017	1	14935669	14969994	2	1
C134	PF00018	Un_random	50463605	50480630	2	0
C135	PF00018	Un_random	40792868	40814936	2	2
C136	PF00018	Un_random	27742066	27781540	2	1
C137	PF00018	Un_random	10722554	10772485	2	1
C138	PF00018	8	8207690	8270813	2	4
C139	PF00018	8	6809049	6870550	2	5
C140	PF00018	6	6630648	6687399	2	2
C141	PF00018	6	6457754	6480071	2	0
C142	PF00018	3	15354723	15423160	2	7
C143	PF00018	3	13560389	13599312	2	2
C144	PF00018	3	1256887	1303060	2	4
C145	PF00018	15	2693759	2797921	3	7
C146	PF00018	2	6904704	6975971	3	2
C147	PF00018	18	10185475	10206015	2	1
C148	PF00018	18	9559706	9586077	2	2
C149	PF00018	18	9116998	9162235	2	4
C150	PF00018	2	20336947	20407634	3	2
C151	PF00018	14	5261713	5357509	2	8
C152	PF00018	13	7159791	7216142	2	4
C153	PF00018	13	4428161	4555797	2	1
C154	PF00018	11	6819784	6923823	2	9
C155	PF00018	10	8653301	8677300	2	1
C156	PF00019	2	5335287	5341660	2	0
C157	PF00019	15_random	2610166	2652302	2	3
C158	PF00020	8	9107020	9146423	2	6
C159	PF00021	21_random	3174648	3205095	4	1
C160	PF00022	18	10884641	10889383	2	0
C161	PF00023	Un_random	5185121	5212197	2	1
C162	PF00023	Un_random	94171830	94213025	2	3
C163	PF00023	Un_random	105264026	105297039	4	1
C164	PF00023	Un_random	85097862	85135896	2	3
C165	PF00023	Un_random	30314511	30368184	2	1
C166	PF00023	Un_random	19709173	19735288	2	0
C167	PF00023	Un_random	8717469	8730337	2	1
C168	PF00023	3	7528200	7601493	2	2
C169	PF00023	12	3978024	4045736	2	3
C170	PF00023	19	1049540	1128959	2	3
C171	PF00023	15_random	823730	914940	2	1
C172	PF00023	14	10102470	10123247	2	1
C173	PF00023	13	12697932	12750139	2	4
C174	PF00023	13	11155590	11806022	3	62
C175	PF00023	12	6365130	6393122	3	2
C176	PF00023	10	6367423	6441852	2	1
C177	PF00023	2	11678305	11750555	2	6
C178	PF00025	Un_random	13888173	13896440	2	0
C179	PF00027	Un_random	91036661	91048094	2	1
C180	PF00028	Un_random	28808113	28861802	3	1
C181	PF00028	Un_random	9416873	9457773	2	1
C182	PF00028	9	7139821	7195006	2	4
C183	PF00028	8	7550626	7576423	3	2
C184	PF00028	7	7157175	7320221	2	0
C185	PF00028	17	1196095	1249490	2	0
C186	PF00028	2	12785346	12838936	3	0
C187	PF00028	1_random	1093927	1180972	2	0
C188	PF00028	13	1767361	1868874	2	0
C189	PF00028	1	6675321	6798900	4	0
C190	PF00028	6	6149560	6197798	2	0
C191	PF00029	21	3972375	3984838	2	1
C192	PF00029	3	3835212	3842263	2	0
C193	PF00029	7	6409048	6413413	2	0
C194	PF00029	2	20045083	20058832	4	0
C195	PF00029	10	3528396	3533380	2	0
C196	PF00029	14	1574088	1590261	4	0
C197	PF00029	1	2016762	2033268	2	0
C198	PF00029	2	12196689	12214477	2	0
C199	PF00030	1	7102771	7107031	2	0
C200	PF00030	12	11775147	11779502	2	0
C201	PF00030	2	9022396	9050137	12	0
C202	PF00030	2_random	233944	237763	2	0
C203	PF00030	3	7688457	7699752	6	0
C204	PF00030	4	3449564	3455046	2	0
C205	PF00031	6	3900873	3903983	2	0
C206	PF00031	1	22094641	22100344	2	0
C207	PF00036	Un_random	1431755	1521490	2	6
C208	PF00036	9	10535957	10543750	2	0
C209	PF00036	8	8100312	8108622	3	0
C210	PF00036	7	7986868	8029790	2	4
C211	PF00036	5	12986897	12991118	2	0
C212	PF00036	5	3514491	3555310	2	3
C213	PF00036	4	2003047	2035261	2	0
C214	PF00036	3	9213499	9222420	3	1
C215	PF00036	Un_random	38878222	38898409	2	0
C216	PF00036	21_random	2194844	2199836	2	0
C217	PF00036	21	5585431	5621044	2	1
C218	PF00036	2	6253999	6264053	3	0
C219	PF00036	17	2973954	2992347	3	1
C220	PF00036	15_random	2656578	2740835	2	4
C221	PF00036	12	4522527	4576649	2	2
C222	PF00036	11	2908957	2945924	2	4
C223	PF00036	21_random	2372586	2382849	2	0
C224	PF00038	Un_random	80428460	80452402	4	0
C225	PF00038	3	15213023	15231376	4	0
C226	PF00038	3	2408232	2412114	2	0
C227	PF00038	2	15351297	15359315	2	0
C228	PF00038	18	6021978	6030913	2	0
C229	PF00038	18	1366183	1378642	2	0
C230	PF00038	11	737840	765044	4	0
C231	PF00040	5	9422255	9483739	2	3
C232	PF00041	Un_random	85213104	85251573	2	0
C233	PF00041	9	2035047	2186687	3	0
C234	PF00041	7	6980675	7089424	2	0
C235	PF00041	5	7331478	7448827	2	5
C236	PF00041	2	2634133	2704912	2	6
C237	PF00041	19	4505127	4525839	2	0
C238	PF00041	16	2785469	2891408	2	5
C239	PF00041	15	5937571	6001474	2	0
C240	PF00041	16	3055810	3123887	2	4
C241	PF00041	14	3702281	3715401	2	0
C242	PF00041	15	4441780	4606795	3	3
C243	PF00041	13	10046150	10098507	2	0
C244	PF00041	11	10382360	10722525	5	6
C245	PF00041	11	9040355	9117739	4	3
C246	PF00041	10	9409830	9448439	2	0
C247	PF00041	10	9000348	9014300	2	1
C248	PF00041	1	12839102	12914748	2	9
C249	PF00042	3	12162065	12166008	2	0
C250	PF00042	2	5887493	5893323	3	0
C251	PF00043	21	4088510	4096159	3	0
C252	PF00045	Un_random	59208091	59219580	2	0
C253	PF00045	Un_random	85380430	85413460	2	2
C254	PF00046	8	3178586	3210911	2	4
C255	PF00046	3	686573	704227	2	0
C256	PF00046	21_random	1152673	1161072	2	0
C257	PF00046	3	11598735	11640981	2	3
C258	PF00046	3	12465289	12529705	2	0
C259	PF00046	7	9993036	10070310	2	2
C260	PF00046	8	6784648	6806026	5	0
C261	PF00046	Un_random	79552497	79599059	2	1
C262	PF00046	Un_random	4633040	4652121	2	0
C263	PF00046	Un_random	5449581	5613431	9	0
C264	PF00046	Un_random	67757871	67795216	2	3
C265	PF00046	Un_random	74182299	74186821	2	0
C266	PF00046	Un_random	95179059	95232305	2	2
C267	PF00046	21	4593111	4607795	2	0
C268	PF00046	9	4189980	4259271	9	0
C269	PF00046	21	2994029	3069461	10	0
C270	PF00046	2	13409777	13453286	7	1
C271	PF00046	20	667102	669366	2	0
C272	PF00046	20	2839182	2922211	2	3
C273	PF00046	1	4160455	4183220	2	0
C274	PF00046	10	3323933	3341296	2	0
C275	PF00046	10	6038227	6062549	3	1
C276	PF00046	10	12383581	12392833	2	0
C277	PF00046	14	9858385	9865694	2	0
C278	PF00046	17	7617646	7709365	3	2
C279	PF00046	1	450984	474099	2	0
C280	PF00046	17	10962456	10980103	2	0
C281	PF00046	18	5044948	5049357	2	0
C282	PF00046	2	1738607	1753855	4	0
C283	PF00046	2	6586840	6594865	2	0
C284	PF00046	2	13738511	13746467	2	0
C285	PF00046	17	9694505	9718983	3	0
C286	PF00047	Un_random	9549477	9643561	2	7
C287	PF00047	Un_random	7865885	7884876	6	4
C288	PF00047	Un_random	12336	98471	13	1
C289	PF00047	Un_random	98269695	98282123	2	0
C290	PF00047	9	2852175	2942175	2	11
C291	PF00047	9	2035047	2186687	3	0
C292	PF00047	8	9307202	9344673	3	2
C293	PF00047	8	6228083	6336732	2	0
C294	PF00047	8	3258176	3354419	4	5
C295	PF00047	8	555489	708584	3	1
C296	PF00047	7	11617560	11622630	2	0
C297	PF00047	Un_random	14353513	14401883	2	5
C298	PF00047	7	11478048	11492240	2	0
C299	PF00047	8	9795927	9804313	2	0
C300	PF00047	Un_random	18061521	18103822	2	0
C301	PF00047	Un_random	55769383	55806256	4	0
C302	PF00047	Un_random	19583822	19598797	2	0
C303	PF00047	Un_random	24883915	24911481	2	2
C304	PF00047	Un_random	31500707	31548177	2	0
C305	PF00047	Un_random	35028850	35206725	5	0
C306	PF00047	Un_random	42452532	42525772	2	1
C307	PF00047	Un_random	61599920	61622716	2	1
C308	PF00047	Un_random	68332651	68336960	2	0
C309	PF00047	Un_random	69145242	69198961	2	0
C310	PF00047	Un_random	78257810	78261476	2	0
C311	PF00047	Un_random	79392140	79441063	2	0
C312	PF00047	Un_random	79660603	79665970	2	0
C313	PF00047	Un_random	85213104	85251573	2	0
C314	PF00047	Un_random	91605519	91647905	4	0
C315	PF00047	7	10889154	10916589	2	0
C316	PF00047	Un_random	19383740	19443816	2	1
C317	PF00047	7	6980675	7089424	2	0
C318	PF00047	9	4542010	4557378	2	0
C319	PF00047	7	1608503	1636342	2	0
C320	PF00047	1	11819158	11884535	3	0
C321	PF00047	1	16323312	16381950	2	2
C322	PF00047	10	9208005	9250355	11	5
C323	PF00047	10	12039232	12086024	4	4
C324	PF00047	11	9040355	9117739	4	3
C325	PF00047	11	10382360	10722525	5	6
C326	PF00047	12	11890711	11978168	2	9
C327	PF00047	13	10046150	10098507	2	0
C328	PF00047	13	11765595	11830551	2	6
C329	PF00047	15	1901058	1917754	2	0
C330	PF00047	15	4579619	4687421	3	7
C331	PF00047	15_random	19373	22611	3	0
C332	PF00047	16	2785469	2954478	5	4
C333	PF00047	16	3055810	3123887	2	4
C334	PF00047	16	4278854	4420227	3	0
C335	PF00047	1	485781	504449	2	0
C336	PF00047	18	4126690	4247978	2	4
C337	PF00047	17	5865523	5872419	2	0
C338	PF00047	7	1343085	1404964	2	0
C339	PF00047	5	7303950	7448827	3	5
C340	PF00047	3	14324404	14349546	2	0
C341	PF00047	3	8587825	8597378	2	0
C342	PF00047	3	2525795	2532171	2	0
C343	PF00047	3	1732101	1778840	2	1
C344	PF00047	7	4474277	4522506	2	7
C345	PF00047	2	20249108	20270064	2	1
C346	PF00047	2	18815224	18849764	2	1
C347	PF00047	2	12388893	12464940	3	0
C348	PF00047	2	7621094	7648990	2	1
C349	PF00047	19	4505127	4525839	2	0
C350	PF00047	2_random	1362789	1368884	2	0
C351	PF00047	18	10794376	10851788	3	5
C352	PF00048	12	3547415	3554452	2	0
C353	PF00050	2_random	1101842	1121139	2	0
C354	PF00051	2	8728636	8734588	2	0
C355	PF00052	15_random	58831	88820	2	1
C356	PF00053	Un_random	38438225	38516462	3	3
C357	PF00053	19	1524757	1614532	3	7
C358	PF00053	4	5363661	5409027	2	0
C359	PF00053	13	12379541	12411053	2	1
C360	PF00053	15_random	58831	88820	2	1
C361	PF00054	5	8290773	8304474	2	0
C362	PF00055	Un_random	38438225	38516462	3	3
C363	PF00055	19	1524757	1614532	3	7
C364	PF00055	13	12379541	12411053	2	1
C365	PF00057	15	2855975	2862184	2	0
C366	PF00057	4	784618	792688	2	1
C367	PF00057	Un_random	74030120	74083714	2	4
C368	PF00057	Un_random	92870337	92889237	2	1
C369	PF00059	Un_random	36968548	36974801	2	0
C370	PF00059	Un_random	20976260	21034145	3	3
C371	PF00059	Un_random	12785183	12833113	2	1
C372	PF00059	6	5258755	5277829	2	0
C373	PF00059	4	6792811	6803991	2	0
C374	PF00059	18	1799882	1820539	3	0
C375	PF00059	5	9408865	9431066	2	0
C376	PF00059	21_random	3116450	3129363	2	2
C377	PF00061	4	1139811	1145864	2	0
C378	PF00061	6	2027572	2031697	2	0
C379	PF00063	Un_random	64095781	64117087	3	0
C380	PF00063	Un_random	106969501	106986129	2	1
C381	PF00063	Un_random	88795115	88809527	2	0
C382	PF00063	Un_random	88298160	88301817	2	0
C383	PF00063	2	14821468	14862251	2	0
C384	PF00063	2	1562247	1602548	2	0
C385	PF00063	13	11784259	11804187	2	1
C386	PF00063	11	6153348	6193345	3	0
C387	PF00063	Un_random	21989945	22011500	2	0
C388	PF00067	Un_random	81631678	81655177	2	0
C389	PF00067	9	5141691	5149054	2	0
C390	PF00067	3	10326986	10346302	4	0
C391	PF00067	3	960542	1030968	3	9
C392	PF00067	Un_random	22034505	22098529	7	0
C393	PF00067	15_random	1206894	1218163	2	0
C394	PF00067	1	14290216	14296022	2	0
C395	PF00067	1	12797940	12825566	6	0
C396	PF00067	3	289994	305705	2	1
C397	PF00069	6	6447111	6542108	2	6
C398	PF00069	7	11396086	11573342	4	8
C399	PF00069	7	9259699	9313531	2	0
C400	PF00069	8	8285025	8487458	4	23
C401	PF00069	7	5698765	5781789	3	8
C402	PF00069	7	5161082	5257497	3	5
C403	PF00069	7	4351598	4396276	2	8
C404	PF00069	7	2113342	2134251	2	1
C405	PF00069	6	6630648	6699282	2	3
C406	PF00069	6	4056540	4100665	2	2
C407	PF00069	3	13336236	13429250	2	7
C408	PF00069	5	13010289	13019258	2	0
C409	PF00069	4	3275916	3325932	3	6
C410	PF00069	3	14361187	14384157	2	2
C411	PF00069	3	14078288	14108095	2	1
C412	PF00069	9	3180304	3196864	2	0
C413	PF00069	3	12985616	13010108	2	3
C414	PF00069	3	10898229	10945909	2	4
C415	PF00069	3	3444745	3511354	2	2
C416	PF00069	21_random	39146	64475	2	4
C417	PF00069	21	1136273	1227850	2	7
C418	PF00069	6	3563309	3591470	2	1
C419	PF00069	9	3869223	3968647	3	8
C420	PF00069	Un_random	28192687	28274518	2	7
C421	PF00069	9	10227231	10295318	2	10
C422	PF00069	2	16479690	16559415	2	0
C423	PF00069	Un_random	105826921	105872811	5	0
C424	PF00069	Un_random	104589400	104599130	2	0
C425	PF00069	Un_random	93721107	93754024	2	1
C426	PF00069	Un_random	88857357	88878899	2	2
C427	PF00069	Un_random	88234966	88291295	2	5
C428	PF00069	Un_random	86721984	86772780	2	2
C429	PF00069	Un_random	70874307	70883113	2	0
C430	PF00069	Un_random	70503970	70516242	2	0
C431	PF00069	Un_random	58490485	58581592	2	11
C432	PF00069	9	5272128	5342656	2	5
C433	PF00069	Un_random	57269603	57309972	2	4
C434	PF00069	Un_random	50463605	50538619	3	6
C435	PF00069	Un_random	48331432	48343848	2	0
C436	PF00069	Un_random	47758969	47800589	3	3
C437	PF00069	Un_random	45731052	45836188	3	6
C438	PF00069	Un_random	42601344	42646122	2	1
C439	PF00069	Un_random	35132648	35241264	2	3
C440	PF00069	Un_random	26293838	26350221	2	3
C441	PF00069	Un_random	25364338	25450119	2	6
C442	PF00069	Un_random	13418415	13508730	2	7
C443	PF00069	Un_random	10155406	10186335	2	2
C444	PF00069	Un_random	56030193	56089774	2	2
C445	PF00069	2	14514337	14527539	2	0
C446	PF00069	21	4368089	4414858	2	2
C447	PF00069	2	7849289	7881004	2	3
C448	PF00069	12	8182341	8232613	2	3
C449	PF00069	12	4373131	4446675	2	5
C450	PF00069	11	10158527	10227329	3	4
C451	PF00069	11	9713938	9762318	3	1
C452	PF00069	11	9306082	9327286	3	0
C453	PF00069	11	7918721	7986048	2	10
C454	PF00069	11	7286951	7367223	4	9
C455	PF00069	11	6717909	6733633	2	0
C456	PF00069	11	5548038	5569641	2	0
C457	PF00069	11	4183917	4225739	3	2
C458	PF00069	13	2054019	2129112	2	8
C459	PF00069	10	11702210	11720927	2	0
C460	PF00069	10	8653301	8677300	2	1
C461	PF00069	10	1663655	1751332	2	2
C462	PF00069	1	20809754	20905603	3	4
C463	PF00069	1	20359128	20461789	2	1
C464	PF00069	1	19853251	19904370	3	3
C465	PF00069	1	19164092	19215466	2	5
C466	PF00069	1	14341483	14437995	2	8
C467	PF00069	1	11819158	11884535	3	0
C468	PF00069	1	812193	857126	2	2
C469	PF00069	1	485781	504449	2	0
C470	PF00069	10	9254613	9315030	2	6
C471	PF00069	13	10310157	10335501	2	1
C472	PF00069	12	4018495	4160480	2	8
C473	PF00069	14	4293620	4358435	3	8
C474	PF00069	2	7012276	7047372	2	4
C475	PF00069	2	2249563	2259360	2	0
C476	PF00069	2	13815551	13886025	2	3
C477	PF00069	19	6528233	6632075	4	10
C478	PF00069	18	9092644	9180126	2	10
C479	PF00069	18	1761364	1777830	2	0
C480	PF00069	18	512983	603423	2	10
C481	PF00069	14	2055659	2089054	2	3
C482	PF00069	17	2196186	2216559	3	0
C483	PF00069	16	6574375	6713684	4	10
C484	PF00069	16	6217955	6244962	2	2
C485	PF00069	17	4584737	4673194	2	16
C486	PF00069	16	921218	992430	2	4
C487	PF00069	16	3968145	4018903	2	8
C488	PF00069	14	10177563	10205340	2	2
C489	PF00069	15	3112078	3161468	2	6
C490	PF00069	15	3284135	3369534	2	11
C491	PF00069	14	5241660	5301212	2	4
C492	PF00069	15	4369587	4522997	3	1
C493	PF00069	15_random	384823	428434	2	6
C494	PF00069	15_random	978017	980620	2	0
C495	PF00069	15_random	2864176	2931170	3	4
C496	PF00069	15	3664969	3710410	2	4
C497	PF00071	5	3644114	3664987	2	5
C498	PF00071	Un_random	98962192	98974814	3	1
C499	PF00071	Un_random	91922169	91948773	2	3
C500	PF00071	Un_random	89351441	89356821	2	0
C501	PF00071	Un_random	60849327	60854484	2	0
C502	PF00071	Un_random	23115546	23145548	2	1
C503	PF00071	Un_random	13888173	13896440	2	0
C504	PF00071	Un_random	6887990	6898932	2	0
C505	PF00071	8	7559050	7580072	2	2
C506	PF00071	3	14490167	14532759	2	4
C507	PF00071	15	4121885	4165382	2	6
C508	PF00071	3	1341202	1406197	2	1
C509	PF00071	19	6325857	6352850	2	2
C510	PF00071	16	1452927	1537613	3	1
C511	PF00071	15_random	1722661	1803031	2	8
C512	PF00071	3	10358850	10419766	2	1
C513	PF00071	13	2835244	2917337	2	5
C514	PF00071	11	5442631	5465370	2	3
C515	PF00071	10	4746372	4828077	2	5
C516	PF00071	1	12921001	12930837	2	1
C517	PF00071	1	1660802	1726654	2	7
C518	PF00075	14	9917795	9928057	2	0
C519	PF00076	Un_random	25453660	25462305	2	0
C520	PF00076	Un_random	5814965	5822479	2	0
C521	PF00076	9	6330537	6339662	2	0
C522	PF00076	7	4418172	4482283	2	8
C523	PF00076	21	1680678	1697658	2	2
C524	PF00076	21_random	56495	82274	2	4
C525	PF00076	2	14896474	14929289	2	0
C526	PF00076	10	3534409	3543863	2	0
C527	PF00076	3	11962163	12114608	3	5
C528	PF00079	1	21972783	21983213	2	1
C529	PF00079	14	9004742	9009050	2	0
C530	PF00079	7	10471018	10476306	2	0
C531	PF00079	Un_random	88412014	88417304	2	0
C532	PF00083	7	9093809	9131195	4	1
C533	PF00083	Un_random	14908528	14919112	2	0
C534	PF00083	6	4103498	4133568	4	0
C535	PF00083	14	9244161	9314892	5	1
C536	PF00083	2	4999210	5004443	2	0
C537	PF00083	20	510057	590384	2	6
C538	PF00084	1	22621430	22636560	3	0
C539	PF00084	8	3808674	3893738	3	0
C540	PF00084	8	9135151	9142597	2	0
C541	PF00084	Un_random	1079504	1110546	2	0
C542	PF00084	Un_random	92291385	92303216	2	1
C543	PF00085	18	9021815	9031356	2	0
C544	PF00085	Un_random	1112158	1118335	2	0
C545	PF00086	3	1815060	1827722	2	0
C546	PF00086	15_random	146701	152916	2	0
C547	PF00086	1	22829085	22842652	2	0
C548	PF00089	6	4201027	4209880	3	0
C549	PF00089	Un_random	92288475	92303216	4	0
C550	PF00089	Un_random	56158150	56206721	2	2
C551	PF00089	Un_random	38041914	38054660	2	0
C552	PF00089	9	10231018	10236339	2	0
C553	PF00089	9	1631658	1637129	3	0
C554	PF00089	8	9135151	9142597	2	0
C555	PF00089	8	6143696	6224625	2	8
C556	PF00089	8	729181	808350	2	7
C557	PF00089	6	3541168	3548054	2	0
C558	PF00089	8	6007740	6053222	3	1
C559	PF00089	3	14403414	14464906	2	6
C560	PF00089	3	1179790	1220335	6	5
C561	PF00089	5	13219891	13228806	3	0
C562	PF00089	2	8728636	8734588	2	0
C563	PF00089	18	7465429	7469726	2	0
C564	PF00089	16	1202399	1223490	2	1
C565	PF00089	15	7044868	7116121	3	7
C566	PF00089	11	8071915	8082609	3	0
C567	PF00089	1	16198436	16202242	2	0
C568	PF00089	1	13566648	13575151	3	0
C569	PF00090	Un_random	91352857	91370775	2	0
C570	PF00090	Un_random	31470879	31548177	2	2
C571	PF00090	3	5980157	5999018	2	0
C572	PF00090	21_random	2530929	2545096	2	0
C573	PF00090	16	8173341	8182049	2	0
C574	PF00090	15	2855975	2862184	2	0
C575	PF00090	10	12039232	12095869	2	7
C576	PF00091	2	15379727	15391772	3	0
C577	PF00091	3	157345	163499	2	0
C578	PF00091	9	8580763	8624408	3	4
C579	PF00091	9	10151755	10166664	4	1
C580	PF00092	11	1957465	1981137	2	1
C581	PF00092	15	2446701	2471149	2	0
C582	PF00092	15	7076061	7091676	2	1
C583	PF00092	19	949792	962608	2	0
C584	PF00094	Un_random	91349431	91360341	2	0
C585	PF00094	Un_random	30240752	30268069	2	0
C586	PF00094	13	3562750	3620695	2	3
C587	PF00094	13	11438463	11468703	2	1
C588	PF00096	2	13540904	13633729	3	6
C589	PF00096	21	700804	716020	2	0
C590	PF00096	21_random	1606027	1630928	2	1
C591	PF00096	3	1467624	1533190	2	5
C592	PF00096	3	15232466	15266193	2	4
C593	PF00096	4	6446355	6534984	2	6
C594	PF00096	Un_random	95732631	95764785	2	2
C595	PF00096	5	12636083	12687483	2	5
C596	PF00096	6	4354914	4363653	2	0
C597	PF00096	7	2256494	2290155	2	4
C598	PF00096	7	5360599	5501936	3	7
C599	PF00096	8	9702064	9728117	2	1
C600	PF00096	9	5770547	5862674	3	1
C601	PF00096	9	9775884	9907587	4	0
C602	PF00096	Un_random	16427766	16442933	2	1
C603	PF00096	Un_random	26288646	26371715	2	5
C604	PF00096	Un_random	27149355	27163815	2	0
C605	PF00096	Un_random	32833368	32843619	2	0
C606	PF00096	Un_random	56583385	56622668	2	11
C607	PF00096	Un_random	91202357	91256351	2	0
C608	PF00096	8	5979070	6014805	3	2
C609	PF00096	2	10355489	10378727	2	0
C610	PF00096	4	7531779	7557360	2	1
C611	PF00096	2	6985537	6994203	2	0
C612	PF00096	2	10140193	10149441	2	0
C613	PF00096	1	7071369	7137436	3	6
C614	PF00096	1	8970023	8982038	2	0
C615	PF00096	1	10437359	10527156	2	8
C616	PF00096	10	3502587	3523575	2	1
C617	PF00096	10	11513102	11585247	2	12
C618	PF00096	11	2070665	2074301	2	0
C619	PF00096	11	5015098	5106605	2	6
C620	PF00096	11	9980857	10038921	2	4
C621	PF00096	12	9126988	9163512	2	7
C622	PF00096	11	3393188	3416599	2	2
C623	PF00096	14	7335314	7375733	2	4
C624	PF00096	18	10921048	11034476	3	14
C625	PF00096	12	12374562	12424536	2	6
C626	PF00096	18	1411150	1450721	2	5
C627	PF00096	18	562737	625285	2	5
C628	PF00096	18	3275448	3333698	2	6
C629	PF00096	15	3688484	3722090	2	4
C630	PF00096	15	3218744	3249907	2	5
C631	PF00096	14	9971801	10140862	4	30
C632	PF00096	17	11343747	11358116	2	1
C633	PF00097	21_random	2124394	2210143	2	7
C634	PF00097	Un_random	87250068	87256773	2	0
C635	PF00097	Un_random	1800650	1824252	3	1
C636	PF00097	7	5856545	5898966	2	3
C637	PF00097	7	3514412	3527409	2	0
C638	PF00097	3	11248603	11354819	3	12
C639	PF00097	2	155376	244643	3	9
C640	PF00097	7	2325966	2336691	2	0
C641	PF00097	18	1432816	1495676	2	11
C642	PF00097	12	9198902	9222461	2	3
C643	PF00097	12	11754071	11759928	2	0
C644	PF00097	18	3263889	3318060	2	5
C645	PF00097	15	2276901	2304633	2	3
C646	PF00097	16	516435	569380	2	1
C647	PF00097	13	12281753	12287027	2	0
C648	PF00098	Un_random	25453660	25469762	3	0
C649	PF00100	Un_random	71900954	71952248	2	3
C650	PF00100	14	4263811	4273795	2	0
C651	PF00100	15	2197987	2202347	2	0
C652	PF00100	16	2744359	2777848	2	2
C653	PF00100	3	9043589	9048022	2	0
C654	PF00100	5	12883601	12896238	3	0
C655	PF00100	Un_random	52884328	52946904	4	5
C656	PF00100	13	4557059	4563881	2	0
C657	PF00102	Un_random	60381845	60420042	2	2
C658	PF00102	Un_random	23079757	23106852	2	0
C659	PF00102	13	6648105	6672591	2	0
C660	PF00104	13	3201965	3218785	2	0
C661	PF00104	9	4100972	4144256	2	0
C662	PF00104	Un_random	4534825	4615549	2	4
C663	PF00104	Un_random	16221965	16285830	2	2
C664	PF00104	Un_random	23735861	23756442	2	0
C665	PF00104	Un_random	29466743	29480059	2	1
C666	PF00104	Un_random	91548788	91564051	2	0
C667	PF00105	13	3201965	3218785	2	0
C668	PF00105	9	4100972	4144256	2	0
C669	PF00105	Un_random	4534825	4615549	2	4
C670	PF00105	Un_random	16221965	16285830	2	2
C671	PF00105	Un_random	23735861	23756442	2	0
C672	PF00105	Un_random	91548788	91564051	2	0
C673	PF00106	Un_random	36774672	36854340	2	11
C674	PF00106	Un_random	103274085	103283648	2	0
C675	PF00106	Un_random	997333	1027042	2	4
C676	PF00106	15	2211289	2233560	2	3
C677	PF00106	16	8872824	8878388	2	0
C678	PF00106	2	7187285	7193004	2	0
C679	PF00107	10	2552742	2574788	5	0
C680	PF00107	10	10856637	10908549	2	1
C681	PF00109	6	6419939	6440815	2	0
C682	PF00110	15_random	1094301	1124024	2	0
C683	PF00110	2	17623536	17655078	2	0
C684	PF00110	9	3943771	3952217	2	0
C685	PF00112	Un_random	34259756	34269875	2	0
C686	PF00118	2	9189784	9252839	2	4
C687	PF00122	3	1694678	1724629	2	0
C688	PF00125	Un_random	91303649	91312661	6	1
C689	PF00125	Un_random	90821777	90904112	5	6
C690	PF00125	Un_random	87290821	87348908	4	1
C691	PF00125	Un_random	51050725	51101467	2	1
C692	PF00125	Un_random	23065069	23066533	2	0
C693	PF00125	7	11586402	11587699	2	0
C694	PF00125	7	1858004	1859277	2	0
C695	PF00125	4	1895484	1925877	6	1
C696	PF00125	18	6109631	6111291	2	0
C697	PF00125	Un_random	10478908	10480847	2	0
C698	PF00129	Un_random	91605519	91647905	4	0
C699	PF00130	15_random	2810254	2931170	2	7
C700	PF00130	19	987563	1062910	2	3
C701	PF00130	Un_random	92265639	92287540	2	1
C702	PF00131	13	1407286	1419168	2	0
C703	PF00134	Un_random	19856561	19861937	2	0
C704	PF00134	Un_random	33274576	33295376	3	1
C705	PF00135	Un_random	85625179	85640351	3	0
C706	PF00135	Un_random	35456540	35550781	2	2
C707	PF00135	Un_random	9114663	9241266	2	1
C708	PF00135	Un_random	263122	313269	2	0
C709	PF00135	4	9320412	9331309	2	0
C710	PF00143	2	1220440	1224519	2	0
C711	PF00145	Un_random	27931879	27965075	3	0
C712	PF00147	15	2971292	3053829	2	8
C713	PF00147	15	5937571	6001474	2	0
C714	PF00147	2	2740410	2759548	3	0
C715	PF00147	Un_random	97281351	97296459	2	2
C716	PF00151	1	15215728	15225193	2	0
C717	PF00152	Un_random	50033006	50059625	2	1
C718	PF00153	7	5705790	5718070	2	2
C719	PF00153	18	4287180	4300681	2	1
C720	PF00153	7	6195145	6200075	2	0
C721	PF00153	11	6573623	6604888	2	2
C722	PF00153	14	7009830	7015805	2	0
C723	PF00155	13	1318507	1338865	2	0
C724	PF00155	17	5260397	5280394	2	0
C725	PF00157	4	671805	759669	2	17
C726	PF00160	4	3762140	3780940	2	1
C727	PF00160	4	4430360	4451097	2	0
C728	PF00167	3	6821890	6844621	2	0
C729	PF00167	19	1964798	1970848	2	0
C730	PF00167	13	1519561	1529987	2	0
C731	PF00167	1	1258614	1348846	2	6
C732	PF00168	Un_random	17114651	17139974	2	0
C733	PF00168	Un_random	92967707	92994802	2	0
C734	PF00168	Un_random	90802292	90914581	4	11
C735	PF00168	Un_random	86418682	86546404	2	2
C736	PF00168	Un_random	24155836	24157858	2	0
C737	PF00168	9	3977738	3990503	2	0
C738	PF00168	12	3578569	3649287	2	0
C739	PF00168	3	14207440	14304594	2	6
C740	PF00168	20	759939	791737	2	2
C741	PF00168	2	263497	268983	2	0
C742	PF00168	19	1215936	1306077	2	2
C743	PF00168	14	7508991	7576487	2	0
C744	PF00168	5	2104077	2167922	2	0
C745	PF00169	21	4382980	4458459	2	1
C746	PF00169	3	1286708	1400654	2	5
C747	PF00169	3	13631568	13656418	2	1
C748	PF00169	7	4836409	4875114	2	4
C749	PF00169	7	6416384	6503031	2	4
C750	PF00169	Un_random	3003351	3043146	2	2
C751	PF00169	20	918238	966672	2	0
C752	PF00169	Un_random	10977862	10988356	2	0
C753	PF00169	Un_random	37375700	37390247	2	0
C754	PF00169	Un_random	59916599	59989444	2	3
C755	PF00169	Un_random	92162044	92197430	2	3
C756	PF00169	7	10280512	10303989	2	1
C757	PF00169	20	686821	714003	2	1
C758	PF00169	6	6563061	6616388	2	3
C759	PF00169	2	8621302	8706111	2	7
C760	PF00169	2	1671046	1729739	2	6
C761	PF00169	18	1977517	2061127	2	8
C762	PF00169	17	8694376	8730649	2	1
C763	PF00169	16	5565798	5671067	2	3
C764	PF00169	14	10102470	10205340	2	14
C765	PF00169	13	6623426	6639755	2	0
C766	PF00169	11	7297621	7389142	3	12
C767	PF00169	11	1950892	2053812	2	6
C768	PF00169	10	7392260	7458516	2	1
C769	PF00169	10	4259216	4316633	2	3
C770	PF00169	10	3063341	3199160	3	3
C771	PF00169	2	13145768	13737241	3	37
C772	PF00170	3	1933132	1957431	2	3
C773	PF00170	14	5434828	5458050	3	0
C774	PF00170	11	7513990	7544798	2	1
C775	PF00170	10	5238468	5243441	2	0
C776	PF00171	16	8351197	8357952	2	0
C777	PF00171	Un_random	33985655	34006006	3	0
C778	PF00173	Un_random	54056805	54065381	2	1
C779	PF00175	Un_random	56303206	56313095	2	0
C780	PF00176	8	7562739	7589267	2	2
C781	PF00178	9	4668055	4719636	2	3
C782	PF00178	Un_random	18811567	18877239	2	0
C783	PF00179	Un_random	55957094	56042917	2	3
C784	PF00179	17	11875664	11878879	2	0
C785	PF00179	5	12745312	12764329	2	1
C786	PF00179	Un_random	38139897	38223698	2	0
C787	PF00179	Un_random	91572852	91581921	2	0
C788	PF00184	12	9135636	9157076	2	4
C789	PF00188	6	2743268	2762612	2	0
C790	PF00191	2_random	848705	866933	2	1
C791	PF00193	12	2567576	2602757	3	1
C792	PF00193	13	12938489	12947348	2	0
C793	PF00193	4	3540205	3559984	2	0
C794	PF00193	Un_random	34442965	34449766	2	0
C795	PF00194	15	7139052	7148563	2	0
C796	PF00194	Un_random	13654421	13669422	2	0
C797	PF00194	Un_random	22380364	22469709	2	3
C798	PF00198	10	5025407	5043894	2	1
C799	PF00201	2	17155874	17172808	3	0
C800	PF00201	5	1636292	1652476	4	0
C801	PF00201	12	10054182	10058514	2	1
C802	PF00207	16	8043702	8120713	2	5
C803	PF00209	11	5977427	5992707	2	0
C804	PF00209	11	6098490	6113728	2	0
C805	PF00209	11	9791757	9800367	2	0
C806	PF00209	15	1477251	1528312	4	1
C807	PF00209	21	4126398	4148500	2	1
C808	PF00209	5	1275157	1278301	2	0
C809	PF00209	Un_random	5989516	6062702	4	2
C810	PF00211	Un_random	14866389	14880595	2	0
C811	PF00211	Un_random	60886821	60892869	2	0
C812	PF00212	Un_random	56823068	58001763	3	53
C813	PF00219	2	19175861	19200420	2	0
C814	PF00219	3	1815060	1827722	2	0
C815	PF00219	1	22829085	22842652	2	0
C816	PF00219	15_random	146701	152916	2	0
C817	PF00220	12	9135636	9157076	2	4
C818	PF00225	1	1308938	1316805	2	0
C819	PF00225	5	3371130	3448903	2	3
C820	PF00227	15	2174552	2179869	2	0
C821	PF00227	Un_random	16351553	16358868	4	0
C822	PF00230	15_random	1331497	1338148	2	0
C823	PF00230	8	7867825	7877467	2	1
C824	PF00230	9	7510702	7515117	2	0
C825	PF00232	2	18421381	18433601	2	0
C826	PF00240	7	8076833	8087717	2	1
C827	PF00240	Un_random	1010673	1037952	2	4
C828	PF00245	1	18545349	18556312	2	0
C829	PF00248	19	4598255	4603353	2	0
C830	PF00248	11	4747090	4802972	2	1
C831	PF00249	10	10913402	10957688	2	2
C832	PF00249	12	12544632	12620830	2	7
C833	PF00250	1	8414449	8453840	2	4
C834	PF00250	1	14883047	14889695	2	0
C835	PF00250	1	21843564	21853680	2	0
C836	PF00250	15_random	278832	285616	2	0
C837	PF00266	12	5623000	5625966	2	0
C838	PF00268	14	10057087	10073593	3	2
C839	PF00270	Un_random	68774135	68828442	2	2
C840	PF00271	4	6905465	6922577	2	1
C841	PF00271	5	3794937	3824303	2	3
C842	PF00271	8	7562739	7589267	2	2
C843	PF00271	Un_random	68774135	68828442	2	2
C844	PF00282	Un_random	22476775	22483902	2	0
C845	PF00307	10	11300993	11368687	2	6
C846	PF00307	13	1030709	1067462	2	0
C847	PF00307	13	9470195	9481944	2	0
C848	PF00307	14	1970533	1986715	2	0
C849	PF00307	16	6725152	6835707	2	6
C850	PF00307	7	5306973	5417580	2	4
C851	PF00316	12	4002814	4011266	2	0
C852	PF00326	2	21006670	21047002	2	3
C853	PF00328	17	6873283	6878056	2	0
C854	PF00335	Un_random	85321356	85323985	2	0
C855	PF00335	5	12758556	12778186	3	1
C856	PF00335	9	4793468	4800878	2	0
C857	PF00335	13	10825581	10882055	2	0
C858	PF00335	13	2446626	2472634	2	0
C859	PF00335	17	7940076	7969607	2	3
C860	PF00339	12	2648223	2659650	3	0
C861	PF00342	Un_random	103137209	103157885	2	3
C862	PF00349	5	3776534	3794618	2	0
C863	PF00351	19	1423573	1433330	2	0
C864	PF00352	14	5967933	5973013	2	0
C865	PF00354	2	6206429	6215008	2	0
C866	PF00362	2	9386447	9394849	2	0
C867	PF00364	10	5025407	5043894	2	1
C868	PF00373	2	17990829	18031864	2	0
C869	PF00373	3	2893808	2917085	2	0
C870	PF00373	8	7617425	7645114	2	0
C871	PF00375	16	1367486	1375537	3	0
C872	PF00378	Un_random	4375525	4419570	2	2
C873	PF00378	16	8015029	8022995	2	0
C874	PF00382	10	12939990	12962111	2	1
C875	PF00385	3	9554654	9566616	2	0
C876	PF00385	Un_random	14516412	14524625	2	0
C877	PF00386	Un_random	16743028	16752869	3	0
C878	PF00386	7	8047939	8050786	2	0
C879	PF00386	Un_random	60857723	60865913	2	2
C880	PF00386	2_random	479524	492075	2	0
C881	PF00386	16	7955960	7960486	2	0
C882	PF00386	3	12915758	12990046	2	3
C883	PF00387	14	7508991	7576487	2	0
C884	PF00388	14	7508991	7576487	2	0
C885	PF00397	9	9013416	9052814	2	1
C886	PF00400	Un_random	33806076	33881397	2	8
C887	PF00400	4	4364554	4451097	2	5
C888	PF00400	5	13105752	13122614	2	2
C889	PF00400	8	9287871	9374713	2	8
C890	PF00400	Un_random	17036233	17042627	2	0
C891	PF00400	Un_random	45110267	45117382	2	0
C892	PF00400	Un_random	103184588	103193323	2	0
C893	PF00400	Un_random	58907432	58916101	2	0
C894	PF00400	Un_random	71593246	71677038	3	2
C895	PF00400	Un_random	92184184	92252303	2	8
C896	PF00400	Un_random	92407484	92418056	3	0
C897	PF00400	4	3813661	3821574	2	0
C898	PF00400	Un_random	105320053	105334042	2	2
C899	PF00400	Un_random	49318765	49322950	2	0
C900	PF00400	4	694679	702872	2	0
C901	PF00400	3	10218882	10279183	2	0
C902	PF00400	3	15255496	15303122	2	5
C903	PF00400	1	15025314	15076121	2	0
C904	PF00400	14	4302340	4386962	2	10
C905	PF00400	14	7444863	7454730	2	0
C906	PF00400	14	9475168	9543436	2	6
C907	PF00400	15	4281853	4318840	2	4
C908	PF00400	15	5793226	5800104	2	0
C909	PF00400	10	12195097	12231827	2	6
C910	PF00400	18	8158422	8369764	2	6
C911	PF00400	18	10805765	10876070	2	8
C912	PF00400	2	7069723	7130528	2	5
C913	PF00400	2	20641426	20728029	2	13
C914	PF00400	3	106899	116448	2	0
C915	PF00400	17	3831688	3854297	2	0
C916	PF00412	1	14742241	14778662	2	3
C917	PF00412	10	10921713	10936813	2	0
C918	PF00413	Un_random	85380430	85413460	2	2
C919	PF00413	Un_random	59208091	59219580	2	0
C920	PF00431	20	794617	807922	2	1
C921	PF00431	8	3778335	3855524	3	0
C922	PF00431	8	9135151	9142597	2	0
C923	PF00431	Un_random	10038064	10054476	2	0
C924	PF00431	Un_random	92291385	92303216	2	1
C925	PF00431	Un_random	92870337	92889237	2	1
C926	PF00433	21_random	39146	64475	2	4
C927	PF00433	7	2113342	2134251	2	1
C928	PF00439	9	7453636	7529270	2	5
C929	PF00443	2	6294974	6304412	2	0
C930	PF00443	5	9796473	9805146	2	0
C931	PF00443	8	9299545	9326719	2	2
C932	PF00443	Un_random	3793305	3815788	2	0
C933	PF00450	Un_random	5275641	5283047	2	0
C934	PF00459	6	6244192	6250554	2	0
C935	PF00459	Un_random	56600978	56606568	2	0
C936	PF00459	Un_random	62725202	62747212	2	0
C937	PF00474	17	8061499	8095983	5	0
C938	PF00474	19	6299196	6306874	2	0
C939	PF00474	Un_random	14661120	14670934	2	0
C940	PF00474	Un_random	74991677	75008728	2	0
C941	PF00478	Un_random	1007650	1036473	2	4
C942	PF00481	12	598826	606884	2	0
C943	PF00493	Un_random	26103025	26112724	2	0
C944	PF00501	12	5111912	5122275	2	0
C945	PF00501	13	11655772	11662412	2	1
C946	PF00501	3	11174583	11181602	3	0
C947	PF00501	Un_random	37180414	37199034	2	0
C948	PF00501	Un_random	67813195	67818823	2	0
C949	PF00501	Un_random	89373752	89382534	2	0
C950	PF00501	Un_random	91830578	91839217	2	0
C951	PF00503	1	15121875	15136627	2	0
C952	PF00503	12	7180845	7194640	2	0
C953	PF00503	9	2908063	2923923	2	0
C954	PF00505	6	5470105	5486448	2	0
C955	PF00505	Un_random	38642097	38669746	2	2
C956	PF00514	6	2035295	2066942	2	2
C957	PF00514	18	6085709	6096174	2	1
C958	PF00515	1	20289026	20300225	2	1
C959	PF00515	3	5800645	5822771	2	0
C960	PF00515	8	9259224	9286488	2	0
C961	PF00515	Un_random	92570440	92577782	2	0
C962	PF00520	Un_random	94085496	94157559	2	1
C963	PF00520	Un_random	23044373	23054981	2	0
C964	PF00520	9	4727037	4751618	3	0
C965	PF00520	6	2900853	2978027	2	0
C966	PF00520	Un_random	91036661	91048094	2	1
C967	PF00520	5	11407237	11450905	2	0
C968	PF00520	2	10009740	10035521	3	0
C969	PF00520	11	8619290	8643081	3	0
C970	PF00520	11	7694528	7822264	2	4
C971	PF00520	5	13206077	13307153	2	10
C972	PF00531	4	5008119	5070767	2	0
C973	PF00535	21	999647	1010849	3	0
C974	PF00535	7	11031706	11135776	2	0
C975	PF00536	5	12899435	12956745	2	1
C976	PF00536	3	15148304	15246938	2	15
C977	PF00536	2	13667119	13715692	2	2
C978	PF00536	15_random	2906867	2992239	2	4
C979	PF00536	10	11488376	11532392	3	4
C980	PF00536	11	8898519	8935927	2	0
C981	PF00536	7	5161082	5181901	2	0
C982	PF00536	15	4441780	4522997	2	0
C983	PF00536	14	2987112	3067575	2	0
C984	PF00538	Un_random	90816124	90900399	2	8
C985	PF00538	4	1916717	1931141	2	2
C986	PF00549	Un_random	88011761	88098131	2	4
C987	PF00560	Un_random	70186069	70211454	2	0
C988	PF00560	Un_random	66043279	66101019	3	2
C989	PF00560	Un_random	57638616	57695621	2	6
C990	PF00560	Un_random	56689356	56719667	3	2
C991	PF00560	Un_random	54884676	54951938	2	9
C992	PF00560	Un_random	34276964	34304655	2	1
C993	PF00560	Un_random	30273664	30342174	2	1
C994	PF00560	Un_random	27431651	27482138	2	4
C995	PF00560	Un_random	17265181	17293936	3	0
C996	PF00560	Un_random	15853858	15976683	3	5
C997	PF00560	Un_random	10960005	10964512	2	0
C998	PF00560	Un_random	9624519	9689133	3	6
C999	PF00560	Un_random	91770330	91793682	2	2
C1000	PF00560	9	6322097	6373632	2	6
C1001	PF00560	2_random	1362789	1368884	2	0
C1002	PF00560	2	5513894	5523312	2	0
C1003	PF00560	19	3574625	3636251	2	5
C1004	PF00560	19	2234871	2264181	4	0
C1005	PF00560	17	5787750	5872419	3	7
C1006	PF00560	13	12141809	12186353	2	2
C1007	PF00560	13	4913121	4920011	2	0
C1008	PF00560	12	11880719	11886141	2	0
C1009	PF00560	11	9773664	9808347	3	2
C1010	PF00560	1	10111297	10120525	2	0
C1011	PF00560	Un_random	6142297	6150914	2	0
C1012	PF00560	Un_random	93610706	93701483	2	4
C1013	PF00567	Un_random	600991	614156	2	0
C1014	PF00571	4	3836050	3940115	3	14
C1015	PF00575	17	10846093	10915564	2	4
C1016	PF00581	13	10989866	11028739	2	1
C1017	PF00581	Un_random	6384073	6389937	2	0
C1018	PF00583	11	8306335	8313023	2	0
C1019	PF00594	3	1179790	1220335	6	5
C1020	PF00594	5	8290773	8304474	2	0
C1021	PF00594	Un_random	92272161	92291174	2	1
C1022	PF00595	Un_random	105554741	105557310	2	0
C1023	PF00595	Un_random	105209139	105214146	2	0
C1024	PF00595	Un_random	75509029	75517509	2	0
C1025	PF00595	Un_random	70503970	70516242	2	0
C1026	PF00595	Un_random	65181282	65240500	2	3
C1027	PF00595	Un_random	54891393	54910210	2	2
C1028	PF00595	9	8965464	9036397	2	2
C1029	PF00595	8	7871004	7879532	2	1
C1030	PF00595	17	12068192	12078583	2	0
C1031	PF00595	21_random	1067991	1137472	2	6
C1032	PF00595	19	1823086	1907572	2	3
C1033	PF00595	Un_random	106018370	106091517	2	1
C1034	PF00595	10	3063341	3165031	2	1
C1035	PF00595	1	21263814	21332174	2	0
C1036	PF00595	1	19202543	19294243	2	10
C1037	PF00595	1	8639310	8700979	2	1
C1038	PF00595	5	7173788	7245045	2	1
C1039	PF00609	Un_random	92265639	92287540	2	1
C1040	PF00610	15	4287721	4367883	2	7
C1041	PF00611	13	7159791	7216142	2	4
C1042	PF00612	11	6153348	6193345	2	1
C1043	PF00612	13	11784259	11804187	2	1
C1044	PF00612	6	4959966	5016901	2	3
C1045	PF00612	Un_random	36782332	36829562	2	5
C1046	PF00612	Un_random	64095781	64117087	2	1
C1047	PF00615	1	22053547	22106516	2	3
C1048	PF00615	1	22448055	22455513	2	0
C1049	PF00615	15	3441928	3504717	4	2
C1050	PF00615	18	5151823	5225496	2	1
C1051	PF00616	Un_random	31882124	32003346	2	4
C1052	PF00617	12	3345409	3375702	2	0
C1053	PF00621	Un_random	86293507	86365045	2	3
C1054	PF00621	21	4409724	4458459	2	0
C1055	PF00621	11	7373581	7389142	2	1
C1056	PF00622	15	2221394	2279327	2	7
C1057	PF00622	16	6159758	6214582	2	1
C1058	PF00622	3	11248603	11354819	3	12
C1059	PF00622	7	2325966	2336691	2	0
C1060	PF00622	Un_random	1800650	1816492	2	0
C1061	PF00625	15_random	1060151	1069939	2	1
C1062	PF00625	3	280584	297690	2	1
C1063	PF00627	11	1639712	1651521	2	1
C1064	PF00627	8	9299545	9326719	2	2
C1065	PF00628	Un_random	22928772	22937931	2	0
C1066	PF00628	9	7439194	7529270	3	5
C1067	PF00628	19	5372408	5388829	2	0
C1068	PF00628	19	1682649	1709013	2	1
C1069	PF00628	10	12735853	12750868	2	0
C1070	PF00628	1	19121530	19141210	2	0
C1071	PF00628	1	1142412	1148821	2	0
C1072	PF00628	11	9858434	9880517	2	0
C1073	PF00630	Un_random	56693052	56709710	2	1
C1074	PF00638	2	16622447	16639178	2	0
C1075	PF00640	1	22014802	22093423	2	1
C1076	PF00641	3	14411988	14475246	2	6
C1077	PF00642	16	2363890	2386236	2	0
C1078	PF00642	3	6394858	6451273	2	3
C1079	PF00642	Un_random	13426198	13462955	2	0
C1080	PF00643	Un_random	1800650	1824252	3	1
C1081	PF00643	Un_random	56693052	56709710	2	1
C1082	PF00643	7	2325966	2336691	2	0
C1083	PF00643	3	11307275	11354819	2	7
C1084	PF00643	7	3514412	3527409	2	0
C1085	PF00644	12	12267723	12296551	2	1
C1086	PF00644	13	11807965	11854388	2	5
C1087	PF00646	12	4512254	4530780	2	1
C1088	PF00646	18	6552040	6573541	2	0
C1089	PF00646	7	8320732	8328215	2	0
C1090	PF00646	Un_random	58907432	58916101	2	0
C1091	PF00648	17	2973954	2992347	4	0
C1092	PF00648	10	2348722	2364625	2	0
C1093	PF00651	Un_random	1608596	1613921	2	0
C1094	PF00651	2	13919624	13939129	2	2
C1095	PF00651	Un_random	70436129	70451770	2	0
C1096	PF00651	Un_random	10949586	10968535	2	3
C1097	PF00651	9	10023436	10031343	2	0
C1098	PF00651	14	10135822	10217564	3	10
C1099	PF00651	11	6058199	6143508	2	9
C1100	PF00651	1	16178922	16207542	3	4
C1101	PF00651	5	9631972	9661609	3	4
C1102	PF00652	7	11031706	11135776	2	0
C1103	PF00664	3	3803853	3822873	2	0
C1104	PF00664	8	7707197	7728401	3	0
C1105	PF00683	Un_random	92208076	92218880	2	0
C1106	PF00685	2	779177	859125	2	1
C1107	PF00685	3	12320114	12366529	2	0
C1108	PF00685	9	6550211	6559306	2	0
C1109	PF00689	3	1694678	1724629	2	0
C1110	PF00690	8	9556252	9562255	2	0
C1111	PF00690	3	1694678	1724629	2	0
C1112	PF00698	6	6419939	6440815	2	0
C1113	PF00702	21_random	46428	71163	2	4
C1114	PF00702	3	1694678	1724629	2	0
C1115	PF00702	3	11613711	11618910	2	0
C1116	PF00704	Un_random	85200107	85209515	2	0
C1117	PF00726	11	9765861	9771980	2	0
C1118	PF00735	12	5932750	5949951	2	0
C1119	PF00735	Un_random	15759802	15797328	2	0
C1120	PF00735	Un_random	29452220	29486399	3	2
C1121	PF00743	13	8397929	8404965	2	0
C1122	PF00751	12	3947877	3974310	3	1
C1123	PF00753	14	2730783	2742112	2	0
C1124	PF00753	Un_random	73801485	73822863	2	0
C1125	PF00754	15	1345955	1428186	2	3
C1126	PF00755	Un_random	8752725	8782071	3	0
C1127	PF00755	Un_random	9773212	9782717	2	1
C1128	PF00757	4	3864337	3881353	3	1
C1129	PF00774	Un_random	48182793	48186207	2	0
C1130	PF00781	Un_random	92265639	92287540	2	1
C1131	PF00782	17	4628754	4635252	5	0
C1132	PF00782	2_random	654056	664892	4	0
C1133	PF00786	10	9254613	9315030	2	6
C1134	PF00786	16	6609798	6671119	2	3
C1135	PF00786	Un_random	71964387	71967714	2	0
C1136	PF00787	Un_random	10977862	10988356	2	0
C1137	PF00787	4	915156	934131	3	1
C1138	PF00787	14	5241660	5269016	2	1
C1139	PF00787	13	8429522	8527715	3	9
C1140	PF00787	21_random	39146	63129	2	3
C1141	PF00788	17	4725951	4744564	2	0
C1142	PF00795	1	11040791	11050443	2	0
C1143	PF00812	21_random	2225203	2272294	2	0
C1144	PF00812	8	8043462	8078487	2	0
C1145	PF00822	7	8452738	8469965	7	0
C1146	PF00822	Un_random	16481961	16498119	2	0
C1147	PF00822	8	8414494	8475161	3	5
C1148	PF00822	3	15010447	15023449	2	0
C1149	PF00822	Un_random	100737756	100741361	2	0
C1150	PF00822	3	3037435	3041070	2	0
C1151	PF00822	16	6273306	6291593	8	0
C1152	PF00822	16	6118349	6125909	3	0
C1153	PF00822	3	9179975	9198185	2	0
C1154	PF00837	Un_random	32791560	32795810	2	0
C1155	PF00839	13	13167053	13174579	2	0
C1156	PF00852	10	8602606	8615189	2	0
C1157	PF00852	21	626108	637572	2	0
C1158	PF00856	1	1142412	1148821	2	0
C1159	PF00856	3	1168392	1175512	2	0
C1160	PF00856	3	14138032	14234391	2	15
C1161	PF00858	11	8092623	8178070	2	0
C1162	PF00858	3	13785897	13822867	2	0
C1163	PF00860	14	7652581	7660952	3	0
C1164	PF00864	Un_random	97283857	97297408	2	2
C1165	PF00875	Un_random	72221630	72231465	2	0
C1166	PF00878	14	9316940	9343071	2	0
C1167	PF00880	2	20336947	20379966	2	0
C1168	PF00883	11	2986730	2990951	2	0
C1169	PF00907	12	11939682	12021256	2	13
C1170	PF00907	16	8465147	8493291	2	0
C1171	PF00907	4	2527980	2557938	2	0
C1172	PF00929	13	12919136	12992005	2	9
C1173	PF00929	18	9823448	9829108	2	0
C1174	PF00930	2	21006670	21047002	2	3
C1175	PF00939	7	8281000	8288283	2	0
C1176	PF00957	Un_random	84724547	84735584	2	1
C1177	PF00970	Un_random	56303206	56313095	2	0
C1178	PF00989	2	19556431	19603956	2	0
C1179	PF00992	9	4624817	4636903	2	1
C1180	PF00992	5	12360348	12404569	2	3
C1181	PF00992	13	10146433	10168415	3	2
C1182	PF00992	13	13233445	13276837	7	1
C1183	PF01007	13	12638150	12649358	2	1
C1184	PF01007	3	10881658	10887781	2	0
C1185	PF01007	Un_random	18881029	18904182	2	0
C1186	PF01017	2	20707362	20720193	2	0
C1187	PF01019	4	1870020	1879588	2	0
C1188	PF01019	12	11849733	11866880	3	1
C1189	PF01023	21_random	2194844	2199836	2	0
C1190	PF01023	21_random	2372586	2382849	2	0
C1191	PF01023	8	8100312	8105342	2	0
C1192	PF01030	4	3864337	3881353	3	1
C1193	PF01033	Un_random	15914384	15931710	2	0
C1194	PF01049	6	6149560	6197798	2	0
C1195	PF01049	Un_random	9416873	9457773	2	1
C1196	PF01049	Un_random	28823883	28861802	2	1
C1197	PF01061	17	11164755	11176893	2	0
C1198	PF01062	Un_random	21055803	21057782	2	0
C1199	PF01064	2	14514337	14527539	2	0
C1200	PF01064	9	3869223	3882752	2	0
C1201	PF01067	10	2348722	2364625	2	0
C1202	PF01067	17	2973954	2992347	3	1
C1203	PF01073	10	3517898	3576867	2	11
C1204	PF01094	9	7935769	8001697	2	0
C1205	PF01094	9	1374858	1394306	3	1
C1206	PF01094	19	4115153	4207707	2	0
C1207	PF01094	16	2512164	2602788	10	4
C1208	PF01094	7	3757809	3806507	2	3
C1209	PF01120	21	4059051	4069744	2	0
C1210	PF01121	2_random	469724	573529	3	7
C1211	PF01138	Un_random	65535891	65542416	2	0
C1212	PF01146	13	11061665	11070140	2	0
C1213	PF01153	1	21180227	21221408	2	0
C1214	PF01153	15	5584292	5685074	2	0
C1215	PF01153	5	8051127	8187315	2	0
C1216	PF01179	Un_random	91339216	91345312	2	0
C1217	PF01209	18	5942857	5949877	2	0
C1218	PF01212	2	165378	197502	2	3
C1219	PF01221	12	5959980	5975312	2	3
C1220	PF01223	Un_random	346780	349222	2	0
C1221	PF01266	Un_random	93133465	93142563	2	0
C1222	PF01284	3	10620861	10665786	2	3
C1223	PF01284	4	4002425	4010455	2	0
C1224	PF01284	5	7843538	7855885	2	0
C1225	PF01284	Un_random	70521753	70529950	2	0
C1226	PF01284	Un_random	80880905	80902588	2	1
C1227	PF01299	2	11527518	11543045	2	1
C1228	PF01300	1	1464156	1485359	2	3
C1229	PF01336	Un_random	50033006	50059625	3	0
C1230	PF01344	5	9656247	9661609	2	0
C1231	PF01344	Un_random	1608596	1613921	2	0
C1232	PF01344	2	13919624	13939129	2	2
C1233	PF01344	Un_random	70436129	70451770	2	0
C1234	PF01344	2	1239212	1249179	2	0
C1235	PF01344	10	7843060	7854971	2	1
C1236	PF01344	1	16178922	16207542	3	4
C1237	PF01344	2	8576546	8626900	2	1
C1238	PF01347	14	4202442	4224214	2	2
C1239	PF01363	16	7872610	7883603	2	0
C1240	PF01363	7	2400032	2485285	2	7
C1241	PF01365	2	3332130	3340416	2	0
C1242	PF01370	1	21857022	21987526	3	3
C1243	PF01370	10	3517898	3580598	3	11
C1244	PF01391	Un_random	92486357	92527820	2	0
C1245	PF01391	Un_random	17379896	17500080	2	0
C1246	PF01391	Un_random	16743028	16752869	3	0
C1247	PF01391	2_random	479524	492075	2	0
C1248	PF01391	21	5102270	5133303	2	0
C1249	PF01391	17	3977129	4055158	2	0
C1250	PF01391	2	11764692	11825652	2	1
C1251	PF01391	15	2446701	2471149	2	0
C1252	PF01391	1	20978376	21015129	2	0
C1253	PF01391	21	3605209	3639818	2	0
C1254	PF01392	Un_random	34027085	34029467	2	0
C1255	PF01400	Un_random	30683617	30695635	3	0
C1256	PF01400	2	14889764	14895267	2	0
C1257	PF01400	5	12438975	12453076	2	0
C1258	PF01403	13	3945172	4047835	3	0
C1259	PF01403	15	4630379	4687421	3	4
C1260	PF01403	11	5477614	5569641	2	2
C1261	PF01403	11	10184875	10249773	2	1
C1262	PF01404	15	4441780	4522997	2	0
C1263	PF01408	5	1529022	1534091	2	0
C1264	PF01412	20	686821	701642	2	0
C1265	PF01413	2	11764692	11825652	2	1
C1266	PF01413	Un_random	17379896	17500080	2	0
C1267	PF01421	16	8173341	8182049	2	0
C1268	PF01421	3	5980157	5999018	2	0
C1269	PF01433	12	2991326	3004351	2	0
C1270	PF01433	Un_random	89025077	89039054	2	0
C1271	PF01433	Un_random	93569935	93584029	2	0
C1272	PF01436	Un_random	56693052	56709710	2	1
C1273	PF01437	Un_random	74388556	74416254	2	0
C1274	PF01437	15	4630379	4687421	3	4
C1275	PF01437	11	10184875	10249773	2	1
C1276	PF01437	11	5477614	5569641	2	2
C1277	PF01442	8	745825	753738	2	0
C1278	PF01448	10	10913402	10957688	2	2
C1279	PF01462	19	2234871	2264181	4	0
C1280	PF01462	Un_random	91770330	91793682	2	2
C1281	PF01467	15	4274320	4307858	2	3
C1282	PF01471	Un_random	85380430	85413460	2	2
C1283	PF01477	1	15215728	15225193	2	0
C1284	PF01485	17	7864517	7958663	2	13
C1285	PF01485	8	10226113	10244494	2	1
C1286	PF01490	19	6865941	6892070	2	0
C1287	PF01490	5	5192782	5230376	2	3
C1288	PF01494	Un_random	53774930	53786179	2	0
C1289	PF01501	1	17034176	17051350	2	0
C1290	PF01504	Un_random	40797953	40825330	4	1
C1291	PF01504	Un_random	27858027	27873626	2	0
C1292	PF01513	Un_random	47681507	47685676	2	0
C1293	PF01521	12	5626816	5630708	2	0
C1294	PF01529	7	4886755	4939303	2	8
C1295	PF01532	14	1730445	1772806	2	0
C1296	PF01536	Un_random	54344091	54351688	2	0
C1297	PF01554	16	3528856	3630269	18	0
C1298	PF01554	Un_random	79905866	79917370	2	0
C1299	PF01562	16	8173341	8182049	2	0
C1300	PF01562	3	5980157	5999018	2	0
C1301	PF01569	2	1343587	1348376	2	0
C1302	PF01569	Un_random	9976996	9992564	2	0
C1303	PF01569	Un_random	58623916	58639792	2	1
C1304	PF01576	Un_random	88792330	88818107	4	1
C1305	PF01576	11	6153348	6193345	2	1
C1306	PF01576	2	4550129	4559327	2	0
C1307	PF01582	2	20249108	20260284	2	0
C1308	PF01586	19	1910750	1916803	2	0
C1309	PF01593	17	4716478	4730207	3	0
C1310	PF01630	13	13036478	13046266	2	0
C1311	PF01661	2	18456502	18470722	2	0
C1312	PF01663	Un_random	15914384	15931710	2	0
C1313	PF01704	17	10025251	10045213	2	1
C1314	PF01731	8	6408299	6413639	2	0
C1315	PF01734	9	8212983	8219037	2	0
C1316	PF01749	18	6085709	6096174	2	1
C1317	PF01753	2	7574241	7582687	2	0
C1318	PF01762	18	10057451	10066059	2	0
C1319	PF01762	1	19171273	19180990	3	0
C1320	PF01770	Un_random	83689252	83710813	2	0
C1321	PF01823	12	8162348	8170636	2	0
C1322	PF01823	15	2855975	2862184	2	0
C1323	PF01825	14	1009569	1105101	2	6
C1324	PF01825	Un_random	39456378	39483227	2	2
C1325	PF01826	Un_random	91349431	91370775	3	0
C1326	PF01833	1	21753600	21804854	2	1
C1327	PF01835	16	8043702	8120713	2	5
C1328	PF01916	3	8975375	8984085	2	1
C1329	PF02008	11	10137011	10145673	2	0
C1330	PF02012	17	7067193	7128304	2	1
C1331	PF02014	Un_random	22874269	22900813	2	1
C1332	PF02017	Un_random	1003117	1031230	2	4
C1333	PF02037	2	5430536	5467226	2	1
C1334	PF02037	15	2225155	2253511	2	2
C1335	PF02038	8	6344864	6388677	2	1
C1336	PF02058	Un_random	21234724	21239035	2	0
C1337	PF02063	10	8645262	8663591	2	1
C1338	PF02137	Un_random	87077941	87167503	2	5
C1339	PF02141	5	6447317	6517310	2	3
C1340	PF02162	2_random	848705	866933	2	1
C1341	PF02170	Un_random	24520099	24554962	2	0
C1342	PF02170	Un_random	31156268	31197763	2	2
C1343	PF02171	Un_random	24520099	24554962	2	0
C1344	PF02171	Un_random	31156268	31197763	3	1
C1345	PF02171	Un_random	49038087	49039685	2	0
C1346	PF02173	3	1933132	1957431	2	3
C1347	PF02185	18	1761364	1798280	2	1
C1348	PF02191	13	633896	653853	2	0
C1349	PF02191	10	5012039	5019669	3	0
C1350	PF02198	Un_random	18811567	18877239	2	0
C1351	PF02205	Un_random	8735863	8744664	2	0
C1352	PF02207	10	5766139	5862608	2	9
C1353	PF02210	5	8290773	8304474	2	0
C1354	PF02214	11	8619290	8643081	3	0
C1355	PF02214	9	4739109	4751618	2	0
C1356	PF02214	Un_random	23044373	23054981	2	0
C1357	PF02225	15_random	2885856	2900370	2	0
C1358	PF02267	6	6252862	6259903	2	0
C1359	PF02274	5	9547993	9555156	2	0
C1360	PF02354	3	11445265	11451979	2	0
C1361	PF02469	Un_random	22953842	22969783	2	0
C1362	PF02493	2	3918504	3924715	2	0
C1363	PF02516	Un_random	55898840	55905368	2	0
C1364	PF02525	5	12713910	12719282	2	1
C1365	PF02580	Un_random	5763472	5774233	2	1
C1366	PF02580	Un_random	41700505	41722140	2	0
C1367	PF02580	Un_random	48818703	48886262	3	1
C1368	PF02709	1_random	1080860	1086984	2	0
C1369	PF02709	6	1325901	1337361	4	0
C1370	PF02736	11	6153348	6193345	2	1
C1371	PF02736	Un_random	64095781	64112936	2	0
C1372	PF02736	Un_random	88795115	88809527	2	0
C1373	PF02750	19	6359897	6400940	2	1
C1374	PF02752	12	2648223	2659650	3	0
C1375	PF02770	Un_random	26946093	26956034	2	0
C1376	PF02793	Un_random	20600675	20626114	2	0
C1377	PF02793	15_random	1241527	1301648	2	1
C1378	PF02793	1	22911954	22923666	2	0
C1379	PF02798	21	4088510	4093610	2	0
C1380	PF02801	6	6419939	6440815	2	0
C1381	PF02809	3	11231396	11259131	2	4
C1382	PF02864	2	20707362	20720193	2	0
C1383	PF02864	3	13058332	13088544	2	0
C1384	PF02865	2	20707362	20720193	2	0
C1385	PF02893	7	6373663	6406384	2	1
C1386	PF02894	5	1529022	1534091	2	0
C1387	PF02897	14	3977391	3982605	2	0
C1388	PF02913	13	699235	716401	2	0
C1389	PF02931	Un_random	27519830	27526561	2	0
C1390	PF02931	Un_random	123471	139621	2	0
C1391	PF02931	7	9393563	9523034	5	0
C1392	PF02931	7	7508803	7612952	2	0
C1393	PF02931	5	1655296	1672690	2	0
C1394	PF02931	1	10853964	10900197	3	0
C1395	PF02931	18	4872975	4925918	4	0
C1396	PF02931	1	16645750	16661012	3	0
C1397	PF02931	1	7319231	7369958	5	0
C1398	PF02931	1	1200973	1226874	2	0
C1399	PF02931	3	4473343	4558305	3	0
C1400	PF02932	5	1655296	1672690	2	0
C1401	PF02932	Un_random	27519830	27526561	2	0
C1402	PF02932	Un_random	123471	139621	2	0
C1403	PF02932	7	9393563	9523034	4	1
C1404	PF02932	3	4473343	4558305	3	0
C1405	PF02932	7	7508803	7612952	2	0
C1406	PF02932	1	16645750	16657678	2	0
C1407	PF02932	18	4872975	4925918	4	0
C1408	PF02932	1	10853964	10900197	3	0
C1409	PF02932	1	7319231	7369958	5	0
C1410	PF02932	1	1200973	1226874	2	0
C1411	PF02934	18	8301993	8308456	2	0
C1412	PF02961	7	7684259	7686580	2	0
C1413	PF02984	Un_random	19856561	19861937	2	0
C1414	PF02985	18	2442088	2470978	2	2
C1415	PF02985	18	6085709	6096174	2	1
C1416	PF02985	6	2035295	2066942	2	2
C1417	PF03020	9	2855273	2906267	3	5
C1418	PF03079	10	1041209	1045638	2	0
C1419	PF03098	12	4998484	5006918	2	0
C1420	PF03143	Un_random	7769188	7775527	2	0
C1421	PF03143	21	515135	526902	3	0
C1422	PF03144	21	515135	526902	3	0
C1423	PF03144	Un_random	7769188	7775527	2	0
C1424	PF03165	5	10269101	10304023	2	0
C1425	PF03166	13	8120861	8141859	2	0
C1426	PF03166	5	10269101	10304023	2	0
C1427	PF03185	15	3324807	3336952	2	1
C1428	PF03248	9	1386270	1400761	2	1
C1429	PF03271	14	1970533	1986715	2	0
C1430	PF03299	Un_random	94294092	94309436	2	0
C1431	PF03311	Un_random	105316576	105327476	2	2
C1432	PF03328	2	10161240	10170117	2	0
C1433	PF03366	1	19948657	19954065	2	1
C1434	PF03367	Un_random	21775044	21780900	2	0
C1435	PF03372	Un_random	4378847	4425972	3	1
C1436	PF03441	Un_random	72221630	72231465	2	0
C1437	PF03451	16	6344059	6364163	2	1
C1438	PF03455	5	6447317	6517310	2	3
C1439	PF03456	5	6447317	6517310	2	3
C1440	PF03473	10	12223247	12228113	2	0
C1441	PF03476	10	12223247	12228113	2	0
C1442	PF03520	21	1393372	1421897	2	0
C1443	PF03632	13	11400404	11403458	2	1
C1444	PF03727	5	3776534	3794618	2	0
C1445	PF03747	2	7762765	7770328	2	0
C1446	PF03770	Un_random	14239962	14254812	2	0
C1447	PF03792	15	6345176	6430113	2	0
C1448	PF03807	8	7228457	7248011	2	0
C1449	PF03849	Un_random	57085520	57097497	2	1
C1450	PF03920	1	15025314	15112017	3	0
C1451	PF03953	2	15379727	15391772	3	0
C1452	PF03953	3	157345	163499	2	0
C1453	PF03953	9	8580763	8624408	3	4
C1454	PF03953	9	10151755	10166664	4	1
C1455	PF03982	7	2305152	2314725	2	0
C1456	PF04145	4	9408941	9418118	2	0
C1457	PF04177	1_random	517058	519456	2	0
C1458	PF04258	15_random	2885856	2900370	2	0
C1459	PF04263	6	1784946	1803921	2	0
C1460	PF04388	Un_random	49032301	49036931	2	0
C1461	PF04420	Un_random	18111760	18120775	2	0
C1462	PF04487	Un_random	36155683	36165508	2	0
C1463	PF04493	Un_random	14481208	14487717	2	0
C1464	PF04511	Un_random	74003535	74007518	2	0
C1465	PF04547	13	11519189	11541487	2	1
C1466	PF04548	Un_random	5694089	5757618	2	1
C1467	PF04621	2	1441850	1474498	2	2
C1468	PF04621	Un_random	29324511	29350356	3	1
C1469	PF04622	Un_random	71426996	71449048	2	3
C1470	PF04652	Un_random	102537102	102543965	2	2
C1471	PF04710	17	10034894	10050701	2	1
C1472	PF04752	Un_random	57836853	57846358	2	2
C1473	PF04762	1_random	1012328	1034235	2	1
C1474	PF04790	7	11302671	11330803	2	0
C1475	PF04790	Un_random	18181660	18196290	2	0
C1476	PF04832	18	10007400	10010532	2	0
C1477	PF04855	12	10013582	10049938	2	3
C1478	PF04923	19	3622049	3645799	2	2
C1479	PF04970	Un_random	45261241	45265805	2	0
C1480	PF04970	18	8895487	8898139	2	0
C1481	PF05018	1	22223823	22228285	2	0
C1482	PF05018	1	22653673	22659531	2	0
C1483	PF05033	3	1168392	1175512	2	0
C1484	PF05049	Un_random	40308765	40326818	3	0
C1485	PF05049	Un_random	69906505	69923444	2	0
C1486	PF05510	Un_random	106316261	106319784	2	0
C1487	PF05648	Un_random	73560078	73572148	2	2
C1488	PF05653	1	10971369	10976201	2	0
C1489	PF05653	10	7354894	7367335	2	1
C1490	PF05729	Un_random	15824547	15861361	2	0
C1491	PF05731	Un_random	33818408	33820433	2	0
C1492	PF05739	14	3315762	3319532	2	0
C1493	PF05739	10	11427793	11430285	2	0
C1494	PF05805	1	21411111	21422521	2	1
C1495	PF05986	3	5980157	5999018	2	0
C1496	PF05986	16	8173341	8182049	2	0
C1497	PF06017	2	1562247	1602548	2	0
C1498	PF06046	10	12848218	12858977	2	0
C1499	PF06369	2	2149193	2151662	2	0
C1500	PF06384	9	2513218	2559264	3	1
C1501	PF06534	Un_random	45954228	45971800	2	1
C1502	PF06534	Un_random	51526865	51545904	2	3
C1503	PF06638	Un_random	1571655	1579328	2	0
C1504	PF06668	11	1957465	1990106	3	1
C1505	PF06668	19	949792	962608	2	0
C1506	PF06809	4	675248	770657	2	17
C1507	PF07002	Un_random	90802292	90897856	3	7
C1508	PF07177	Un_random	32084052	32089918	2	0
C1509	PF07303	Un_random	70521753	70529950	2	0
C1510	PF07303	15	3937348	3943302	2	0
C1511	PF07303	4	4002425	4010455	2	0
C1512	PF07527	16	7658479	7663053	2	0
C1513	PF07528	Un_random	73556393	73570410	2	3
C1514	PF07562	16	2512164	2602788	10	4
C1515	PF07562	9	1374858	1394306	3	1
C1516	PF07645	Un_random	92215299	92303216	3	13
C1517	PF07645	1	14178567	14288983	2	7
C1518	PF07645	12	2904086	2927109	2	1
C1519	PF07645	12	11489072	11511985	2	1
C1520	PF07645	5	8290773	8304474	2	0
C1521	PF07645	5	11802163	11960112	2	0
C1522	PF07645	8	9135151	9142597	2	0
C1523	PF07646	Un_random	1608596	1613921	2	0
C1524	PF07646	5	9656247	9661609	2	0
C1525	PF07646	Un_random	70436129	70451770	2	0
C1526	PF07646	2	13919624	13939129	2	2
C1527	PF07646	2	1239212	1249179	2	0
C1528	PF07646	10	7843060	7854971	2	1
C1529	PF07646	1	16178922	16207542	3	4
C1530	PF07646	2	8576546	8626900	2	1
C1531	PF07647	7	5161082	5181901	2	0
C1532	PF07647	10	11488376	11505640	2	0
C1533	PF07647	11	8898519	8935927	2	0
C1534	PF07647	15	4441780	4522997	2	0
C1535	PF07647	15_random	2906867	2992239	2	4
C1536	PF07647	2	13667119	13715692	2	2
C1537	PF07647	3	15148304	15246938	2	15
C1538	PF07647	5	12899435	12956745	2	1
C1539	PF07648	2_random	1101842	1121139	2	0
C1540	PF07653	6	6457754	6480071	2	0
C1541	PF07653	8	6809049	6870550	2	5
C1542	PF07653	8	8207690	8270813	2	4
C1543	PF07653	Un_random	10722554	10772485	2	1
C1544	PF07653	Un_random	50463605	50480630	2	0
C1545	PF07653	Un_random	59472128	59503570	2	2
C1546	PF07653	3	15354723	15423160	2	7
C1547	PF07653	Un_random	40792868	40814936	2	2
C1548	PF07653	2	20336947	20407634	2	3
C1549	PF07653	3	1256887	1303060	2	4
C1550	PF07653	18	10185475	10206015	2	1
C1551	PF07653	18	9559706	9586077	2	2
C1552	PF07653	18	9116998	9162235	2	4
C1553	PF07653	15	2693759	2739008	2	5
C1554	PF07653	14	5261713	5357509	2	8
C1555	PF07653	13	7159791	7216142	2	4
C1556	PF07653	11	6819784	6923823	2	9
C1557	PF07653	10	8653301	8677300	2	1
C1558	PF07653	2	6904704	6975971	3	2
C1559	PF07654	Un_random	19583822	19598797	2	0
C1560	PF07654	Un_random	91605519	91647905	4	0
C1561	PF07654	Un_random	79660603	79665970	2	0
C1562	PF07654	10	9209595	9230009	3	5
C1563	PF07654	10	12058019	12072850	2	3
C1564	PF07654	Un_random	61617277	61622716	2	0
C1565	PF07677	16	8043702	8120713	2	5
C1566	PF07678	16	8043702	8120713	2	5
C1567	PF07679	8	3278402	3354419	2	4
C1568	PF07679	7	10889154	10916589	2	0
C1569	PF07679	8	6228083	6336732	2	0
C1570	PF07679	7	1608503	1636342	2	0
C1571	PF07679	7	1343085	1404964	2	0
C1572	PF07679	7	6980675	7089424	2	0
C1573	PF07679	9	2035047	2186687	3	0
C1574	PF07679	5	7303950	7448827	3	5
C1575	PF07679	Un_random	24883915	24911481	2	2
C1576	PF07679	Un_random	31500707	31548177	2	0
C1577	PF07679	Un_random	35028850	35206725	5	0
C1578	PF07679	Un_random	55769383	55806256	3	1
C1579	PF07679	Un_random	69145242	69198961	2	0
C1580	PF07679	Un_random	85213104	85251573	2	0
C1581	PF07679	Un_random	98269695	98282123	2	0
C1582	PF07679	Un_random	9549477	9643561	2	7
C1583	PF07679	3	14324404	14349546	2	0
C1584	PF07679	13	11765595	11830551	2	6
C1585	PF07679	2_random	1362789	1368884	2	0
C1586	PF07679	1	11819158	11884535	3	0
C1587	PF07679	11	9040355	9117739	6	1
C1588	PF07679	11	10382360	10722525	5	6
C1589	PF07679	13	10046150	10098507	2	0
C1590	PF07679	3	1732101	1778840	2	1
C1591	PF07679	16	2785469	2954478	5	4
C1592	PF07679	16	3055810	3123887	2	4
C1593	PF07679	1	16323312	16381950	2	2
C1594	PF07679	17	5865523	5872419	2	0
C1595	PF07679	18	10794376	10851788	3	5
C1596	PF07679	19	4505127	4525839	2	0
C1597	PF07679	2	7621094	7648990	2	1
C1598	PF07679	2	18815224	18849764	2	1
C1599	PF07679	2_random	559118	563314	2	0
C1600	PF07679	16	4278854	4420227	3	0
C1601	PF07686	Un_random	24883915	24911481	2	2
C1602	PF07686	Un_random	19817576	19835417	2	0
C1603	PF07686	Un_random	19383740	19452403	3	1
C1604	PF07686	Un_random	14353513	14401883	2	5
C1605	PF07686	Un_random	7862148	7884876	12	0
C1606	PF07686	8	6447083	6450842	2	0
C1607	PF07686	9	2035047	2186687	3	0
C1608	PF07686	8	9315946	9344673	2	2
C1609	PF07686	8	6228083	6336732	2	0
C1610	PF07686	8	3258176	3354419	4	5
C1611	PF07686	Un_random	31500707	31548177	2	0
C1612	PF07686	Un_random	12336	98471	14	0
C1613	PF07686	Un_random	34442965	34449766	2	0
C1614	PF07686	Un_random	69145242	69198961	2	0
C1615	PF07686	Un_random	35337046	35435258	2	1
C1616	PF07686	Un_random	42452532	42525772	2	1
C1617	PF07686	Un_random	55771743	55806256	2	1
C1618	PF07686	Un_random	63395756	63419458	2	0
C1619	PF07686	Un_random	67583336	67597560	2	0
C1620	PF07686	Un_random	68332651	68342657	3	0
C1621	PF07686	8	636639	708584	2	1
C1622	PF07686	Un_random	78257810	78264339	3	0
C1623	PF07686	Un_random	79392140	79441063	2	0
C1624	PF07686	Un_random	85213104	85251573	2	0
C1625	PF07686	Un_random	89648067	89653589	2	0
C1626	PF07686	Un_random	98269695	98282123	2	0
C1627	PF07686	Un_random	35037578	35206725	4	0
C1628	PF07686	7	11617560	11622630	2	0
C1629	PF07686	Un_random	9549477	9643561	2	7
C1630	PF07686	7	6980675	7089424	2	0
C1631	PF07686	7	11478048	11492240	2	0
C1632	PF07686	1	11841227	11884535	2	0
C1633	PF07686	10	9208005	9252645	12	5
C1634	PF07686	10	12039232	12086024	6	2
C1635	PF07686	11	10382360	10625246	4	6
C1636	PF07686	12	2575679	2602757	2	0
C1637	PF07686	12	5127869	5137560	2	0
C1638	PF07686	12	11890711	11978168	2	9
C1639	PF07686	13	3945172	4047835	2	1
C1640	PF07686	13	10046150	10098507	2	0
C1641	PF07686	13	12938489	12947348	2	0
C1642	PF07686	15_random	16082	22611	5	0
C1643	PF07686	16	803685	868251	2	3
C1644	PF07686	16	2785469	2954478	4	5
C1645	PF07686	15	1901058	1917754	2	0
C1646	PF07686	18	4126690	4247978	2	4
C1647	PF07686	7	6157969	6215425	2	6
C1648	PF07686	5	7303950	7448827	3	5
C1649	PF07686	4	3540205	3559984	2	0
C1650	PF07686	16	4334396	4420227	2	0
C1651	PF07686	3	1732101	1778840	2	1
C1652	PF07686	2_random	559118	563314	2	0
C1653	PF07686	3	9048804	9122370	2	2
C1654	PF07686	2	12388893	12464940	3	0
C1655	PF07686	2	11497105	11577475	4	11
C1656	PF07686	19	4505127	4525839	2	0
C1657	PF07686	18	10794376	10851788	3	5
C1658	PF07686	2	18815224	18849764	2	1
C1659	PF07690	Un_random	14908528	14919112	2	0
C1660	PF07690	6	4103498	4133568	4	0
C1661	PF07690	Un_random	7716140	7811958	2	11
C1662	PF07690	9	8203363	8255045	2	6
C1663	PF07690	7	10683352	10754570	2	8
C1664	PF07690	7	9093809	9131195	4	1
C1665	PF07690	7	2351402	2393776	2	0
C1666	PF07690	20	510057	590384	2	6
C1667	PF07690	14	9244161	9314892	5	1
C1668	PF07690	2	4999210	5004443	2	0
C1669	PF07690	19	5994830	6054949	2	1
C1670	PF07690	16	2232841	2248496	3	0
C1671	PF07690	12	12347645	12405199	2	7
C1672	PF07690	10	10542853	10548194	2	0
C1673	PF07690	1	7150155	7197761	2	6
C1674	PF07690	2	7334280	7341557	2	0
C1675	PF07701	Un_random	14866389	14880595	2	0
C1676	PF07703	16	8043702	8120713	2	5
C1677	PF07706	13	1318507	1338865	2	0
C1678	PF07707	Un_random	70436129	70451770	2	0
C1679	PF07707	5	9656247	9661609	2	0
C1680	PF07707	Un_random	1608596	1613921	2	0
C1681	PF07707	1	16178922	16207542	3	4
C1682	PF07707	2	13919624	13939129	2	2
C1683	PF07714	2	16479690	16559415	2	0
C1684	PF07714	Un_random	70874307	70883113	2	0
C1685	PF07714	Un_random	70503970	70516242	2	0
C1686	PF07714	Un_random	50463605	50480630	2	0
C1687	PF07714	7	11478048	11492240	2	0
C1688	PF07714	7	10889154	10916589	2	0
C1689	PF07714	7	5161082	5257497	3	5
C1690	PF07714	6	6630648	6699282	2	3
C1691	PF07714	Un_random	93721107	93754024	2	1
C1692	PF07714	6	4056540	4100665	2	2
C1693	PF07714	6	3563309	3591470	2	1
C1694	PF07714	16	8360837	8406898	2	1
C1695	PF07714	12	4373131	4446675	2	5
C1696	PF07714	16	6217955	6244962	2	2
C1697	PF07714	1	485781	504449	2	0
C1698	PF07714	1	11819158	11884535	3	0
C1699	PF07714	1	20359128	20461789	2	1
C1700	PF07714	1	20810514	20905603	2	4
C1701	PF07714	16	6574375	6706218	3	10
C1702	PF07714	10	9254613	9315030	2	6
C1703	PF07714	11	6717909	6733633	2	0
C1704	PF07714	15	3284135	3369534	2	11
C1705	PF07714	15	4369587	4522997	3	1
C1706	PF07714	10	8653301	8677300	2	1
C1707	PF07716	5	13142668	13147347	2	0
C1708	PF07716	3	1933132	2031596	3	4
C1709	PF07716	18	5276846	5363349	2	10
C1710	PF07716	11	7513990	7544798	2	1
C1711	PF07716	10	5238468	5243441	2	0
C1712	PF07716	14	5434828	5458050	3	0
C1713	PF07719	20	1396793	1407454	2	1
C1714	PF07719	8	9259224	9286488	2	0
C1715	PF07719	Un_random	32455419	32537385	2	1
C1716	PF07719	Un_random	92570440	92577782	2	0
C1717	PF07738	Un_random	52062615	52072790	2	0
C1718	PF07767	16	7779561	7783289	2	0
C1719	PF07810	18	5634791	5657011	2	0
C1720	PF07810	18	2602982	2614060	2	0
C1721	PF07883	10	1041209	1045638	2	0
C1722	PF07884	15	7071399	7107117	2	4
C1723	PF07885	11	8619290	8643081	3	0
C1724	PF07885	15	3949119	3991497	2	1
C1725	PF07885	9	4727037	4751618	3	0
C1726	PF07885	Un_random	23044373	23054981	2	0
C1727	PF07885	Un_random	80665718	80678095	2	0
C1728	PF07965	2	9386447	9394849	2	0
C1729	PF07974	Un_random	92208076	92218880	2	0
C1730	PF07974	Un_random	23896052	23997800	2	5
C1731	PF07974	8	944169	960005	2	0
C1732	PF07974	2	9386447	9394849	2	0
C1733	PF07974	18	11038394	11076795	2	2
C1734	PF07974	12	4926487	5006918	2	2
C1735	PF07974	10	4837749	4971141	2	5
C1736	PF07974	1	14178567	14288983	2	7
C1737	PF07974	15	5937571	6001474	2	0
C1738	PF08205	16	4120069	4150753	2	0
C1739	PF08205	8	636639	708584	2	1
C1740	PF08205	8	6228083	6336732	2	0
C1741	PF08205	Un_random	24883915	24911481	2	2
C1742	PF08240	10	2552742	2574788	5	0
C1743	PF08241	2	18206272	18210690	2	0
C1744	PF08241	18	5942857	5949877	2	0
C1745	PF08241	10	9821165	9860577	2	0
C1746	PF08241	11	7545925	7550934	2	0
C1747	PF08242	10	9821165	9860577	2	0
C1748	PF08242	11	7545925	7550934	2	0
C1749	PF08242	18	5942857	5949877	2	0
C1750	PF08242	2	18206272	18210690	2	0
C1751	PF08242	5	8229048	8231105	2	0
C1752	PF08246	Un_random	34259756	34269875	2	0
C1753	PF08266	1	6675321	6798900	4	0
C1754	PF08266	1_random	1093927	1180972	2	0
C1755	PF08266	2	12785346	12838936	3	0
C1756	PF08266	7	7157175	7320221	2	0
C1757	PF08266	Un_random	68683666	68688735	2	0
C1758	PF08357	9	6702595	6711610	2	0
C1759	PF08420	13	3201965	3218785	2	0
C1760	PF08447	10	6118303	6135079	2	0
C1761	PF08447	2	19556431	19603956	2	0
C1762	PF08450	3	48318	52209	2	0
C1763	PF08477	Un_random	89351441	89356821	2	0
C1764	PF08477	Un_random	60849327	60854484	2	0
C1765	PF08477	Un_random	23115546	23145548	2	1
C1766	PF08477	Un_random	13888173	13896440	2	0
C1767	PF08477	8	7559050	7580072	2	2
C1768	PF08477	5	3644114	3664987	2	5
C1769	PF08477	3	14490167	14532759	2	4
C1770	PF08477	Un_random	91922169	91948773	2	3
C1771	PF08477	3	10358850	10419766	2	1
C1772	PF08477	3	1341202	1406197	2	1
C1773	PF08477	15_random	1722661	1803031	2	8
C1774	PF08477	16	1508587	1537613	2	0
C1775	PF08477	15	4121885	4165382	2	6
C1776	PF08477	13	4411375	4423036	2	2
C1777	PF08477	13	2835244	2917337	2	5
C1778	PF08477	11	5442631	5465370	2	3
C1779	PF08477	10	4746372	4828077	2	5
C1780	PF08477	1	12921001	12930837	2	1
C1781	PF08477	1	1660802	1726654	2	7
C1782	PF08477	19	6325857	6352850	2	2
C1783	PF08487	19	949792	962608	2	0
C1784	PF08487	11	1957465	1981137	3	0
C1785	PF08513	Un_random	71424585	71446687	2	3
C1786	PF08515	2	14514337	14527539	2	0
C1787	PF08515	9	3869223	3882752	2	0
C1788	PF08571	Un_random	71394306	71438710	2	3
C1789	PF08652	3	9803531	9842741	2	1
C1790	PF08736	2	17990829	18031864	2	0
C1791	PF08742	Un_random	91349431	91360341	2	0
C1792	PF08742	13	3562750	3620695	2	3
C1793	PF08742	13	11438463	11468703	2	1
C1794	PF08742	Un_random	30240752	30268069	2	0
C1795	PF08758	Un_random	28823883	28861802	2	1
C1796	PF08778	10	6118303	6135079	2	0
C1797	PF09279	14	7508991	7576487	2	0
